ROI,Frame,Wavelength,Row,Column,Intensity
1,1,414.82169228227747,0,0,612.5999755859375
1,1,415.25090418320531,0,1,615.07501220703125
1,1,415.68010857356438,0,2,616.70001220703125
1,1,416.10930544753882,0,3,624.6500244140625
1,1,416.53849479931228,0,4,623.1500244140625
1,1,416.96767662307013,0,5,620.88751220703125
1,1,417.39685091299629,0,6,630.3499755859375
1,1,417.82601766327571,0,7,629.0374755859375
1,1,418.25517686809422,0,8,626.04998779296875
1,1,418.68432852163721,0,9,632.2750244140625
1,1,419.1134726180901,0,10,633.0250244140625
1,1,419.54260915163894,0,11,628.2750244140625
1,1,419.97173811647104,0,12,634.07501220703125
1,1,420.40085950677138,0,13,635.3499755859375
1,1,420.82997331672868,0,14,631.9749755859375
1,1,421.25907954052911,0,15,632.6624755859375
1,1,421.68817817236027,0,16,637.86248779296875
1,1,422.11726920640979,0,17,633.76251220703125
1,1,422.54635263686635,0,18,634.875
1,1,422.97542845791719,0,19,638.61248779296875
1,1,423.40449666375218,0,20,636.01251220703125
1,1,423.83355724855932,0,21,634.20001220703125
1,1,424.2626102065276,0,22,637.70001220703125
1,1,424.69165553184735,0,23,636.7125244140625
1,1,425.12069321870723,0,24,635.36248779296875
1,1,425.54972326129814,0,25,635.8499755859375
1,1,425.97874565381039,0,26,636.57501220703125
1,1,426.40776039043334,0,27,635.5374755859375
1,1,426.83676746535878,0,28,637.0625
1,1,427.26576687277827,0,29,637.29998779296875
1,1,427.69475860688249,0,30,634.01251220703125
1,1,428.12374266186305,0,31,636.67498779296875
1,1,428.552719031912,0,32,636.7874755859375
1,1,428.98168771122221,0,33,634.73748779296875
1,1,429.41064869398565,0,34,634.9124755859375
1,1,429.83960197439552,0,35,637.92498779296875
1,1,430.26854754664464,0,36,634.61248779296875
1,1,430.69748540492651,0,37,635.7249755859375
1,1,431.12641554343509,0,38,637.0625
1,1,431.55533795636416,0,39,636.7874755859375
1,1,431.98425263790773,0,40,633.5374755859375
1,1,432.41315958226079,0,41,635.88751220703125
1,1,432.84205878361831,0,42,636.7249755859375
1,1,433.2709502361746,0,43,633.38751220703125
1,1,433.69983393412622,0,44,638.0875244140625
1,1,434.12870987166804,0,45,634.20001220703125
1,1,434.55757804299628,0,46,634.7125244140625
1,1,434.98643844230747,0,47,634.88751220703125
1,1,435.415291063798,0,48,636.0999755859375
1,1,435.8441359016648,0,49,634.4000244140625
1,1,436.2729729501051,0,50,634.76251220703125
1,1,436.70180220331645,0,51,637.1500244140625
1,1,437.13062365549655,0,52,634.9124755859375
1,1,437.55943730084294,0,53,635.7249755859375
1,1,437.98824313355505,0,54,635.1875
1,1,438.41704114783056,0,55,634.17498779296875
1,1,438.84583133786884,0,56,634.6500244140625
1,1,439.27461369786909,0,57,634.0875244140625
1,1,439.70338822203064,0,58,635.2125244140625
1,1,440.13215490455337,0,59,634
1,1,440.56091373963824,0,60,636.0625
1,1,440.98966472148396,0,61,634.79998779296875
1,1,441.41840784429252,0,62,634.2750244140625
1,1,441.84714310226525,0,63,632.3499755859375
1,1,442.27587048960237,0,64,633.7874755859375
1,1,442.70459000050556,0,65,633.4625244140625
1,1,443.13330162917759,0,66,633.13751220703125
1,1,443.5620053698201,0,67,635.1624755859375
1,1,443.99070121663556,0,68,633.3499755859375
1,1,444.41938916382708,0,69,633.11248779296875
1,1,444.84806920559708,0,70,635.9375
1,1,445.27674133614988,0,71,634.7249755859375
1,1,445.70540554968863,0,72,633.63751220703125
1,1,446.13406184041753,0,73,633.6624755859375
1,1,446.56271020254087,0,74,633.88751220703125
1,1,446.9913506302629,0,75,633.11248779296875
1,1,447.41998311778872,0,76,634.45001220703125
1,1,447.84860765932359,0,77,633.4124755859375
1,1,448.27722424907364,0,78,633.375
1,1,448.70583288124362,0,79,633.4000244140625
1,1,449.13443355004023,0,80,634.29998779296875
1,1,449.56302624967009,0,81,632.92498779296875
1,1,449.99161097433927,0,82,632.61248779296875
1,1,450.42018771825531,0,83,633.13751220703125
1,1,450.84875647562512,0,84,633.2125244140625
1,1,451.27731724065666,0,85,633.23748779296875
1,1,451.70587000755825,0,86,634.73748779296875
1,1,452.13441477053755,0,87,634.7874755859375
1,1,452.56295152380318,0,88,632.6500244140625
1,1,452.99148026156422,0,89,633.48748779296875
1,1,453.42000097802986,0,90,632.9625244140625
1,1,453.84851366740941,0,91,632.2874755859375
1,1,454.27701832391313,0,92,632.875
1,1,454.70551494175004,0,93,632.98748779296875
1,1,455.13400351513155,0,94,632.4749755859375
1,1,455.56248403826811,0,95,633.1500244140625
1,1,455.99095650537066,0,96,632.2750244140625
1,1,456.41942091065056,0,97,632.23748779296875
1,1,456.84787724832017,0,98,631.4375
1,1,457.27632551259,0,99,633.45001220703125
1,1,457.70476569767334,0,100,633.1624755859375
1,1,458.13319779778243,0,101,632.125
1,1,458.56162180713056,0,102,632.86248779296875
1,1,458.99003771993074,0,103,631.8375244140625
1,1,459.41844553039624,0,104,631.79998779296875
1,1,459.84684523274126,0,105,633.07501220703125
1,1,460.27523682117936,0,106,631.86248779296875
1,1,460.70362028992582,0,107,632.4625244140625
1,1,461.131995633195,0,108,632.7125244140625
1,1,461.56036284520178,0,109,632.7249755859375
1,1,461.98872192016205,0,110,631.6624755859375
1,1,462.41707285229143,0,111,632.4124755859375
1,1,462.84541563580569,0,112,632.29998779296875
1,1,463.27375026492092,0,113,631.29998779296875
1,1,463.70207673385477,0,114,632.01251220703125
1,1,464.1303950368233,0,115,632.45001220703125
1,1,464.55870516804447,0,116,633.1875
1,1,464.98700712173547,0,117,631.7249755859375
1,1,465.41530089211471,0,118,631.23748779296875
1,1,465.84358647339974,0,119,632.7874755859375
1,1,466.27186385980997,0,120,632.25
1,1,466.70013304556375,0,121,632.0250244140625
1,1,467.12839402488049,0,122,630.86248779296875
1,1,467.55664679197969,0,123,631.0250244140625
1,1,467.98489134108115,0,124,631.2125244140625
1,1,468.41312766640539,0,125,630.5625
1,1,468.84135576217255,0,126,630.8375244140625
1,1,469.26957562260361,0,127,630.70001220703125
1,1,469.69778724191985,0,128,630.6624755859375
1,1,470.12599061434219,0,129,631.23748779296875
1,1,470.55418573409338,0,130,632.63751220703125
1,1,470.98237259539434,0,131,630.5625
1,1,471.41055119246863,0,132,631.375
1,1,471.83872151953892,0,133,631.8375244140625
1,1,472.2668835708277,0,134,631.42498779296875
1,1,472.69503734055849,0,135,630.82501220703125
1,1,473.12318282295541,0,136,630.4375
1,1,473.55132001224212,0,137,631.61248779296875
1,1,473.97944890264353,0,138,631.2874755859375
1,1,474.4075694883839,0,139,630.0875244140625
1,1,474.83568176368863,0,140,631.0875244140625
1,1,475.263785722783,0,141,630.7874755859375
1,1,475.69188135989242,0,142,630.4000244140625
1,1,476.11996866924341,0,143,630.4375
1,1,476.54804764506196,0,144,631.1875
1,1,476.976118281575,0,145,629.75
1,1,477.40418057300934,0,146,630.07501220703125
1,1,477.83223451359254,0,147,630.61248779296875
1,1,478.2602800975522,0,148,631.2750244140625
1,1,478.68831731911666,0,149,630.0250244140625
1,1,479.11634617251343,0,150,630.13751220703125
1,1,479.54436665197164,0,151,630.07501220703125
1,1,479.97237875172112,0,152,630.82501220703125
1,1,480.40038246598971,0,153,630.20001220703125
1,1,480.82837778900807,0,154,630.0999755859375
1,1,481.25636471500627,0,155,630.2874755859375
1,1,481.68434323821418,0,156,631.0875244140625
1,1,482.11231335286266,0,157,631.1875
1,1,482.54027505318265,0,158,631.01251220703125
1,1,482.96822833340582,0,159,630.76251220703125
1,1,483.39617318776305,0,160,630.1500244140625
1,1,483.82410961048748,0,161,630.2125244140625
1,1,484.25203759581041,0,162,630.92498779296875
1,1,484.67995713796529,0,163,631.2750244140625
1,1,485.10786823118491,0,164,630.38751220703125
1,1,485.53577086970205,0,165,630.9124755859375
1,1,485.9636650477517,0,166,630.6500244140625
1,1,486.39155075956694,0,167,630.29998779296875
1,1,486.81942799938207,0,168,630.9625244140625
1,1,487.24729676143204,0,169,630.17498779296875
1,1,487.67515703995178,0,170,629.5250244140625
1,1,488.1030088291775,0,171,629.3499755859375
1,1,488.53085212334372,0,172,630.0875244140625
1,1,488.95868691668659,0,173,629.7874755859375
1,1,489.386513203444,0,174,630.2874755859375
1,1,489.814330977851,0,175,631.70001220703125
1,1,490.24214023414544,0,176,630.375
1,1,490.66994096656458,0,177,629.07501220703125
1,1,491.09773316934633,0,178,629.29998779296875
1,1,491.52551683672868,0,179,631.48748779296875
1,1,491.95329196295029,0,180,629.86248779296875
1,1,492.38105854224949,0,181,631.0250244140625
1,1,492.8088165688664,0,182,630.9124755859375
1,1,493.23656603703932,0,183,629.20001220703125
1,1,493.66430694100887,0,184,630.63751220703125
1,1,494.09203927501477,0,185,630.32501220703125
1,1,494.519763033298,0,186,630.4749755859375
1,1,494.94747821009895,0,187,631.5999755859375
1,1,495.37518479965945,0,188,630.3499755859375
1,1,495.80288279622022,0,189,630.625
1,1,496.23057219402375,0,190,630
1,1,496.65825298731244,0,191,630.4124755859375
1,1,497.08592517032821,0,192,628.75
1,1,497.513588737315,0,193,631.2750244140625
1,1,497.94124368251522,0,194,629.2125244140625
1,1,498.368890000173,0,195,628.51251220703125
1,1,498.7965276845315,0,196,628.2249755859375
1,1,499.22415672983652,0,197,629.75
1,1,499.65177713033142,0,198,629.125
1,1,500.0793888802624,0,199,628.2125244140625
1,1,500.50699197387365,0,200,630.9000244140625
1,1,500.93458640541155,0,201,628.9375
1,1,501.36217216912235,0,202,629.9124755859375
1,1,501.78974925925235,0,203,629.1624755859375
1,1,502.21731767004803,0,204,629.23748779296875
1,1,502.64487739575668,0,205,628.5374755859375
1,1,503.07242843062653,0,206,629.7750244140625
1,1,503.4999707689044,0,207,629.42498779296875
1,1,503.927504404839,0,208,629.92498779296875
1,1,504.35502933267895,0,209,629.67498779296875
1,1,504.78254554667296,0,210,628.7750244140625
1,1,505.21005304107047,0,211,629.42498779296875
1,1,505.63755181012124,0,212,629.5250244140625
1,1,506.06504184807426,0,213,628.95001220703125
1,1,506.4925231491813,0,214,630.9749755859375
1,1,506.91999570769235,0,215,629.38751220703125
1,1,507.34745951785845,0,216,628.9375
1,1,507.77491457393114,0,217,629.0875244140625
1,1,508.20236087016173,0,218,629.5999755859375
1,1,508.62979840080334,0,219,628.7125244140625
1,1,509.05722716010757,0,220,629.67498779296875
1,1,509.48464714232756,0,221,630.61248779296875
1,1,509.91205834171643,0,222,628.54998779296875
1,1,510.3394607525284,0,223,630.0374755859375
1,1,510.76685436901619,0,224,629.42498779296875
1,1,511.19423918543447,0,225,630.51251220703125
1,1,511.62161519603848,0,226,629.29998779296875
1,1,512.04898239508327,0,227,629.75
1,1,512.47634077682289,0,228,629.25
1,1,512.90369033551485,0,229,630.01251220703125
1,1,513.33103106541341,0,230,629.7874755859375
1,1,513.75836296077671,0,231,629.29998779296875
1,1,514.18568601586037,0,232,629.7750244140625
1,1,514.61300022492242,0,233,629.42498779296875
1,1,515.0403055822195,0,234,629.8125
1,1,515.46760208201,0,235,630.3499755859375
1,1,515.89488971855224,0,236,630.1624755859375
1,1,516.32216848610528,0,237,629.51251220703125
1,1,516.74943837892692,0,238,629.26251220703125
1,1,517.17669939127779,0,239,628.01251220703125
1,1,517.60395151741659,0,240,629.6875
1,1,518.03119475160406,0,241,629.0250244140625
1,1,518.45842908810039,0,242,629.82501220703125
1,1,518.88565452116654,0,243,628.38751220703125
1,1,519.31287104506339,0,244,629.13751220703125
1,1,519.74007865405292,0,245,630.2874755859375
1,1,520.16727734239748,0,246,629.92498779296875
1,1,520.59446710435793,0,247,629.7249755859375
1,1,521.02164793419854,0,248,629.13751220703125
1,1,521.448819826181,0,249,630.5875244140625
1,1,521.87598277456971,0,250,629.0999755859375
1,1,522.3031367736279,0,251,630.1875
1,1,522.73028181762015,0,252,629.4749755859375
1,1,523.15741790081029,0,253,629.13751220703125
1,1,523.58454501746371,0,254,629.75
1,1,524.0116631618456,0,255,628.79998779296875
1,1,524.43877232822183,0,256,629.86248779296875
1,1,524.86587251085791,0,257,629.3375244140625
1,1,525.29296370402085,0,258,629.5374755859375
1,1,525.72004590197662,0,259,629.17498779296875
1,1,526.147119098993,0,260,629.54998779296875
1,1,526.574183289337,0,261,629.73748779296875
1,1,527.001238467277,0,262,628.13751220703125
1,1,527.42828462708064,0,263,630.2874755859375
1,1,527.85532176301706,0,264,629.70001220703125
1,1,528.2823498693549,0,265,630.01251220703125
1,1,528.709368940364,0,266,630.125
1,1,529.13637897031367,0,267,629.4375
1,1,529.56337995347451,0,268,629.7874755859375
1,1,529.99037188411626,0,269,628.7249755859375
1,1,530.41735475651058,0,270,630.0875244140625
1,1,530.84432856492856,0,271,630.0374755859375
1,1,531.27129330364164,0,272,630
1,1,531.69824896692126,0,273,628.82501220703125
1,1,532.125195549041,0,274,630.1500244140625
1,1,532.55213304427286,0,275,629.2249755859375
1,1,532.97906144689023,0,276,630.07501220703125
1,1,533.40598075116668,0,277,630.26251220703125
1,1,533.832890951376,0,278,629.5374755859375
1,1,534.25979204179282,0,279,630.57501220703125
1,1,534.68668401669129,0,280,629.8125
1,1,535.113566870347,0,281,630.79998779296875
1,1,535.54044059703506,0,282,630.95001220703125
1,1,535.96730519103119,0,283,630.82501220703125
1,1,536.394160646612,0,284,630.9749755859375
1,1,536.82100695805366,0,285,630.375
1,1,537.24784411963344,0,286,632.42498779296875
1,1,537.67467212562838,0,287,631.4000244140625
1,1,538.10149097031638,0,288,632.86248779296875
1,1,538.52830064797615,0,289,632.04998779296875
1,1,538.95510115288516,0,290,631.67498779296875
1,1,539.38189247932337,0,291,632.25
1,1,539.80867462156914,0,292,633.4749755859375
1,1,540.23544757390243,0,293,633.01251220703125
1,1,540.66221133060333,0,294,632.1624755859375
1,1,541.08896588595269,0,295,632.0625
1,1,541.51571123423093,0,296,632.20001220703125
1,1,541.94244736971882,0,297,632.5875244140625
1,1,542.36917428669915,0,298,632.48748779296875
1,1,542.7958919794529,0,299,633.375
1,1,543.22260044226289,0,300,634.01251220703125
1,1,543.64929966941168,0,301,632.88751220703125
1,1,544.07598965518241,0,302,633.42498779296875
1,1,544.502670393859,0,303,634.375
1,1,544.92934187972526,0,304,633.36248779296875
1,1,545.35600410706525,0,305,632.7750244140625
1,1,545.78265707016408,0,306,633.57501220703125
1,1,546.20930076330626,0,307,634.2249755859375
1,1,546.63593518077778,0,308,633.0250244140625
1,1,547.06256031686485,0,309,633.88751220703125
1,1,547.48917616585288,0,310,632.86248779296875
1,1,547.91578272202935,0,311,634.1624755859375
1,1,548.34237997968091,0,312,634.67498779296875
1,1,548.76896793309538,0,313,633.13751220703125
1,1,549.1955465765601,0,314,634.23748779296875
1,1,549.62211590436391,0,315,634.125
1,1,550.04867591079517,0,316,634.3375244140625
1,1,550.47522659014282,0,317,633.1875
1,1,550.90176793669684,0,318,634.04998779296875
1,1,551.32829994474628,0,319,633.63751220703125
1,1,551.75482260858189,0,320,633.42498779296875
1,1,552.18133592249444,0,321,635.25
1,1,552.60783988077435,0,322,634.88751220703125
1,1,553.03433447771408,0,323,633.48748779296875
1,1,553.46081970760406,0,324,633.5875244140625
1,1,553.88729556473788,0,325,633.2750244140625
1,1,554.31376204340768,0,326,633.2249755859375
1,1,554.74021913790625,0,327,632.6500244140625
1,1,555.16666684252664,0,328,634.0250244140625
1,1,555.59310515156392,0,329,632.2125244140625
1,1,556.019534059311,0,330,633.13751220703125
1,1,556.4459535600638,0,331,632.98748779296875
1,1,556.87236364811622,0,332,633.9000244140625
1,1,557.298764317764,0,333,632.98748779296875
1,1,557.72515556330336,0,334,632.88751220703125
1,1,558.15153737903063,0,335,633.61248779296875
1,1,558.57790975924172,0,336,634.5
1,1,559.004272698234,0,337,633.2874755859375
1,1,559.43062619030525,0,338,632.1875
1,1,559.856970229753,0,339,632.57501220703125
1,1,560.28330481087539,0,340,633.25
1,1,560.70962992797126,0,341,631.98748779296875
1,1,561.13594557534,0,342,632.9749755859375
1,1,561.56225174728036,0,343,632.42498779296875
1,1,561.98854843809272,0,344,633.2750244140625
1,1,562.41483564207738,0,345,632.67498779296875
1,1,562.841113353535,0,346,634.0250244140625
1,1,563.26738156676629,0,347,634.23748779296875
1,1,563.69364027607287,0,348,632.6875
1,1,564.11988947575708,0,349,633.82501220703125
1,1,564.546129160121,0,350,633.2750244140625
1,1,564.97235932346723,0,351,633.7125244140625
1,1,565.39857996009914,0,352,633.0875244140625
1,1,565.82479106431992,0,353,633.8125
1,1,566.25099263043421,0,354,633.98748779296875
1,1,566.67718465274561,0,355,632.375
1,1,567.1033671255592,0,356,633.625
1,1,567.52954004317974,0,357,632.04998779296875
1,1,567.95570339991355,0,358,633.5250244140625
1,1,568.3818571900664,0,359,632.98748779296875
1,1,568.80800140794486,0,360,632.79998779296875
1,1,569.23413604785515,0,361,633.92498779296875
1,1,569.660261104105,0,362,633.375
1,1,570.08637657100178,0,363,633.88751220703125
1,1,570.51248244285387,0,364,634.04998779296875
1,1,570.93857871396983,0,365,633.7125244140625
1,1,571.36466537865829,0,366,633.63751220703125
1,1,571.79074243122852,0,367,635.17498779296875
1,1,572.21680986599085,0,368,633.1875
1,1,572.64286767725434,0,369,633.4749755859375
1,1,573.06891585933022,0,370,634.8499755859375
1,1,573.49495440652936,0,371,632.5875244140625
1,1,573.92098331316345,0,372,634.45001220703125
1,1,574.34700257354382,0,373,634.4749755859375
1,1,574.77301218198272,0,374,635.4749755859375
1,1,575.19901213279365,0,375,634.2750244140625
1,1,575.62500242028841,0,376,635.23748779296875
1,1,576.05098303878094,0,377,634.17498779296875
1,1,576.47695398258543,0,378,635.5875244140625
1,1,576.90291524601628,0,379,634.63751220703125
1,1,577.32886682338744,0,380,635.5250244140625
1,1,577.75480870901526,0,381,634.4749755859375
1,1,578.18074089721392,0,382,633.7750244140625
1,1,578.60666338230067,0,383,635.70001220703125
1,1,579.03257615859127,0,384,635.32501220703125
1,1,579.45847922040275,0,385,634.23748779296875
1,1,579.88437256205248,0,386,634.54998779296875
1,1,580.3102561778577,0,387,634.8375244140625
1,1,580.73613006213645,0,388,635.6500244140625
1,1,581.16199420920793,0,389,635.0875244140625
1,1,581.58784861339109,0,390,636.75
1,1,582.01369326900453,0,391,636.51251220703125
1,1,582.43952817036836,0,392,635.0374755859375
1,1,582.86535331180335,0,393,636
1,1,583.29116868762969,0,394,635.9000244140625
1,1,583.71697429216817,0,395,635.9000244140625
1,1,584.142770119741,0,396,636.0625
1,1,584.5685561646693,0,397,635.8499755859375
1,1,584.99433242127589,0,398,635.0875244140625
1,1,585.420098883884,0,399,635.8125
1,1,585.84585554681564,0,400,635.0999755859375
1,1,586.27160240439571,0,401,635.1500244140625
1,1,586.69733945094742,0,402,635.6500244140625
1,1,587.12306668079509,0,403,636.0625
1,1,587.54878408826471,0,404,634.57501220703125
1,1,587.9744916676807,0,405,636.5999755859375
1,1,588.40018941336871,0,406,636.3375244140625
1,1,588.82587731965612,0,407,637.04998779296875
1,1,589.25155538086824,0,408,637.73748779296875
1,1,589.67722359133313,0,409,636.0374755859375
1,1,590.10288194537725,0,410,638.29998779296875
1,1,590.52853043732944,0,411,638.125
1,1,590.954169061518,0,412,639.125
1,1,591.37979781227114,0,413,638.4625244140625
1,1,591.80541668391822,0,414,639.75
1,1,592.231025670789,0,415,640.0374755859375
1,1,592.65662476721388,0,416,640.92498779296875
1,1,593.082213967523,0,417,640.6624755859375
1,1,593.50779326604788,0,418,640.23748779296875
1,1,593.933362657119,0,419,640.4124755859375
1,1,594.35892213506838,0,420,642.1624755859375
1,1,594.784471694229,0,421,641.8375244140625
1,1,595.21001132893309,0,422,643.17498779296875
1,1,595.63554103351385,0,423,644.29998779296875
1,1,596.06106080230427,0,424,645.0250244140625
1,1,596.48657062963923,0,425,645.2750244140625
1,1,596.912070509853,0,426,644.7750244140625
1,1,597.33756043728033,0,427,644.61248779296875
1,1,597.76304040625621,0,428,644.26251220703125
1,1,598.18851041111623,0,429,645.5625
1,1,598.61397044619753,0,430,647.95001220703125
1,1,599.03942050583623,0,431,647.0875244140625
1,1,599.46486058436892,0,432,647.6500244140625
1,1,599.89029067613387,0,433,646.8125
1,1,600.315710775469,0,434,647.67498779296875
1,1,600.74112087671142,0,435,648.625
1,1,601.1665209742016,0,436,650.42498779296875
1,1,601.59191106227843,0,437,652
1,1,602.01729113528131,0,438,649.51251220703125
1,1,602.44266118755,0,439,651.5374755859375
1,1,602.86802121342555,0,440,650.86248779296875
1,1,603.29337120724892,0,441,651.51251220703125
1,1,603.71871116336206,0,442,653.4124755859375
1,1,604.14404107610562,0,443,653.26251220703125
1,1,604.56936093982358,0,444,654.07501220703125
1,1,604.99467074885774,0,445,653.95001220703125
1,1,605.41997049755128,0,446,654.95001220703125
1,1,605.84526018024894,0,447,654.98748779296875
1,1,606.27053979129346,0,448,656.6875
1,1,606.69580932503,0,449,656.3499755859375
1,1,607.12106877580447,0,450,656.2125244140625
1,1,607.54631813796072,0,451,656.61248779296875
1,1,607.971557405846,0,452,654.7125244140625
1,1,608.396786573806,0,453,655.5625
1,1,608.82200563618778,0,454,655.9124755859375
1,1,609.24721458733882,0,455,654.75
1,1,609.67241342160628,0,456,656.9124755859375
1,1,610.09760213333857,0,457,656.125
1,1,610.52278071688454,0,458,653.9749755859375
1,1,610.94794916659293,0,459,656.1500244140625
1,1,611.373107476814,0,460,656.86248779296875
1,1,611.79825564189662,0,461,654.67498779296875
1,1,612.22339365619166,0,462,655.3125
1,1,612.64852151405023,0,463,655.45001220703125
1,1,613.07363920982357,0,464,654.88751220703125
1,1,613.4987467378628,0,465,655.23748779296875
1,1,613.923844092521,0,466,655.70001220703125
1,1,614.34893126815052,0,467,653.73748779296875
1,1,614.77400825910433,0,468,655.125
1,1,615.19907505973617,0,469,655.1624755859375
1,1,615.6241316643999,0,470,654.79998779296875
1,1,616.04917806745038,0,471,655.5374755859375
1,1,616.47421426324252,0,472,654.92498779296875
1,1,616.89924024613151,0,473,652.67498779296875
1,1,617.32425601047271,0,474,653.3125
1,1,617.749261550623,0,475,653.07501220703125
1,1,618.17425686093941,0,476,653.9124755859375
1,1,618.59924193577854,0,477,655.7874755859375
1,1,619.02421676949859,0,478,652.5
1,1,619.449181356457,0,479,652.0999755859375
1,1,619.87413569101284,0,480,650.38751220703125
1,1,620.29907976752531,0,481,650.7249755859375
1,1,620.72401358035347,0,482,650.9000244140625
1,1,621.14893712385731,0,483,649.4625244140625
1,1,621.57385039239773,0,484,651.4625244140625
1,1,621.99875338033507,0,485,650.01251220703125
1,1,622.42364608203093,0,486,649.95001220703125
1,1,622.84852849184722,0,487,647.6500244140625
1,1,623.27340060414588,0,488,648.38751220703125
1,1,623.69826241329,0,489,648.5250244140625
1,1,624.123113913642,0,490,649.0625
1,1,624.54795509956625,0,491,648.1500244140625
1,1,624.97278596542674,0,492,647.54998779296875
1,1,625.39760650558776,0,493,648.4000244140625
1,1,625.82241671441477,0,494,647.63751220703125
1,1,626.24721658627277,0,495,647.7249755859375
1,1,626.67200611552846,0,496,646.9749755859375
1,1,627.09678529654707,0,497,648.1875
1,1,627.52155412369632,0,498,647.04998779296875
1,1,627.94631259134314,0,499,648.1624755859375
1,1,628.37106069385607,0,500,647.9625244140625
1,1,628.79579842560247,0,501,645.7249755859375
1,1,629.22052578095133,0,502,646.5374755859375
1,1,629.64524275427209,0,503,646.04998779296875
1,1,630.06994933993462,0,504,647.1624755859375
1,1,630.49464553230871,0,505,646.5625
1,1,630.91933132576446,0,506,646.25
1,1,631.3440067146737,0,507,644.4124755859375
1,1,631.7686716934079,0,508,645.2249755859375
1,1,632.19332625633876,0,509,645.25
1,1,632.61797039783892,0,510,645.17498779296875
1,1,633.04260411228131,0,511,645.01251220703125
1,1,633.46722739403936,0,512,645.5999755859375
1,1,633.89184023748646,0,513,645.5
1,1,634.31644263699741,0,514,644.73748779296875
1,1,634.74103458694753,0,515,644.0625
1,1,635.16561608171094,0,516,645.0999755859375
1,1,635.59018711566478,0,517,643.79998779296875
1,1,636.01474768318383,0,518,644.125
1,1,636.43929777864594,0,519,644.4124755859375
1,1,636.86383739642793,0,520,643.42498779296875
1,1,637.28836653090707,0,521,643.9625244140625
1,1,637.71288517646133,0,522,642.11248779296875
1,1,638.13739332747036,0,523,640.7874755859375
1,1,638.56189097831236,0,524,644.375
1,1,638.98637812336733,0,525,641.6500244140625
1,1,639.4108547570147,0,526,643.3375244140625
1,1,639.83532087363551,0,527,641.3375244140625
1,1,640.25977646761032,0,528,642.5250244140625
1,1,640.68422153332119,0,529,642.9375
1,1,641.10865606514949,0,530,640.26251220703125
1,1,641.53308005747738,0,531,641.61248779296875
1,1,641.95749350468827,0,532,640.73748779296875
1,1,642.38189640116525,0,533,642.23748779296875
1,1,642.80628874129218,0,534,640.6875
1,1,643.2306705194535,0,535,640.76251220703125
1,1,643.65504173003387,0,536,640.25
1,1,644.07940236741865,0,537,640.45001220703125
1,1,644.50375242599341,0,538,640.13751220703125
1,1,644.928091900144,0,539,639.5250244140625
1,1,645.352420784258,0,540,640.375
1,1,645.77673907272208,0,541,640.3499755859375
1,1,646.20104675992366,0,542,640.7874755859375
1,1,646.625343840251,0,543,640.07501220703125
1,1,647.049630308093,0,544,641.0625
1,1,647.47390615783866,0,545,640.13751220703125
1,1,647.89817138387752,0,546,640.29998779296875
1,1,648.32242598059941,0,547,639.2750244140625
1,1,648.74666994239533,0,548,639.36248779296875
1,1,649.17090326365542,0,549,639.2750244140625
1,1,649.59512593877264,0,550,640.5999755859375
1,1,650.0193379621378,0,551,639.38751220703125
1,1,650.44353932814352,0,552,639.7874755859375
1,1,650.86773003118276,0,553,641.5
1,1,651.29191006564929,0,554,640.23748779296875
1,1,651.71607942593732,0,555,638.42498779296875
1,1,652.14023810644051,0,556,640.9375
1,1,652.564386101554,0,557,639.75
1,1,652.98852340567316,0,558,641.07501220703125
1,1,653.41265001319391,0,559,639.63751220703125
1,1,653.83676591851292,0,560,639.5
1,1,654.26087111602658,0,561,640.57501220703125
1,1,654.68496560013261,0,562,639.2874755859375
1,1,655.1090493652282,0,563,641
1,1,655.53312240571267,0,564,640.82501220703125
1,1,655.957184715984,0,565,639.875
1,1,656.38123629044128,0,566,640.98748779296875
1,1,656.80527712348521,0,567,639.4375
1,1,657.22930720951513,0,568,639.7125244140625
1,1,657.65332654293229,0,569,639.04998779296875
1,1,658.07733511813831,0,570,642.32501220703125
1,1,658.50133292953387,0,571,640.45001220703125
1,1,658.92531997152207,0,572,640.9124755859375
1,1,659.34929623850508,0,573,639.6500244140625
1,1,659.77326172488677,0,574,641.26251220703125
1,1,660.19721642507022,0,575,640.29998779296875
1,1,660.62116033346,0,576,640.20001220703125
1,1,661.04509344446046,0,577,640.48748779296875
1,1,661.46901575247716,0,578,640.88751220703125
1,1,661.89292725191547,0,579,641.32501220703125
1,1,662.31682793718164,0,580,641
1,1,662.7407178026823,0,581,640.67498779296875
1,1,663.164596842825,0,582,640.38751220703125
1,1,663.58846505201666,0,583,641.9124755859375
1,1,664.012322424666,0,584,642.1624755859375
1,1,664.43616895518187,0,585,640.9124755859375
1,1,664.86000463797268,0,586,643.38751220703125
1,1,665.28382946744864,0,587,641.01251220703125
1,1,665.70764343801943,0,588,642.32501220703125
1,1,666.13144654409632,0,589,641.4625244140625
1,1,666.55523878009,0,590,643.8499755859375
1,1,666.97902014041176,0,591,641.9625244140625
1,1,667.40279061947467,0,592,643.8499755859375
1,1,667.82655021169023,0,593,643.3499755859375
1,1,668.25029891147256,0,594,643.88751220703125
1,1,668.6740367132345,0,595,643.01251220703125
1,1,669.0977636113912,0,596,644.7874755859375
1,1,669.52147960035609,0,597,644.375
1,1,669.9451846745452,0,598,645.17498779296875
1,1,670.36887882837391,0,599,645.4000244140625
1,1,670.79256205625791,0,600,646.57501220703125
1,1,671.21623435261438,0,601,645.92498779296875
1,1,671.63989571186,0,602,646.38751220703125
1,1,672.06354612841267,0,603,645.125
1,1,672.48718559669112,0,604,646.2750244140625
1,1,672.91081411111293,0,605,648.5875244140625
1,1,673.33443166609754,0,606,648.26251220703125
1,1,673.75803825606488,0,607,648.98748779296875
1,1,674.18163387543518,0,608,648.2125244140625
1,1,674.6052185186287,0,609,648.82501220703125
1,1,675.02879218006683,0,610,650.1624755859375
1,1,675.4523548541714,0,611,649.67498779296875
1,1,675.87590653536449,0,612,652.67498779296875
1,1,676.29944721806874,0,613,651.5999755859375
1,1,676.72297689670688,0,614,652.5875244140625
1,1,677.14649556570328,0,615,653.32501220703125
1,1,677.570003219482,0,616,653.70001220703125
1,1,677.99349985246761,0,617,654.0999755859375
1,1,678.41698545908525,0,618,654.92498779296875
1,1,678.84046003376125,0,619,657.25
1,1,679.26392357092084,0,620,656.07501220703125
1,1,679.68737606499133,0,621,658.25
1,1,680.11081751040024,0,622,657.13751220703125
1,1,680.53424790157487,0,623,659.61248779296875
1,1,680.95766723294355,0,624,661.6500244140625
1,1,681.3810754989355,0,625,662.0625
1,1,681.80447269397951,0,626,662.25
1,1,682.2278588125057,0,627,663.6500244140625
1,1,682.651233848944,0,628,666.5
1,1,683.07459779772557,0,629,664.54998779296875
1,1,683.497950653282,0,630,667.4124755859375
1,1,683.92129241004466,0,631,668.8125
1,1,684.3446230624462,0,632,670.13751220703125
1,1,684.76794260491954,0,633,672.7874755859375
1,1,685.19125103189765,0,634,673.6624755859375
1,1,685.61454833781511,0,635,674.8499755859375
1,1,686.03783451710558,0,636,675.5875244140625
1,1,686.46110956420443,0,637,677.32501220703125
1,1,686.8843734735475,0,638,680.79998779296875
1,1,687.30762623957014,0,639,681.98748779296875
1,1,687.73086785670921,0,640,684.1500244140625
1,1,688.15409831940167,0,641,684.7750244140625
1,1,688.57731762208448,0,642,688.07501220703125
1,1,689.00052575919653,0,643,688.11248779296875
1,1,689.42372272517537,0,644,692.4124755859375
1,1,689.84690851446169,0,645,692.8499755859375
1,1,690.27008312149371,0,646,695.98748779296875
1,1,690.69324654071158,0,647,699.8375244140625
1,1,691.11639876655693,0,648,703.04998779296875
1,1,691.53953979346988,0,649,704.01251220703125
1,1,691.96266961589242,0,650,706.57501220703125
1,1,692.385788228267,0,651,709.32501220703125
1,1,692.80889562503637,0,652,711.125
1,1,693.23199180064319,0,653,714.0999755859375
1,1,693.65507674953164,0,654,718.0625
1,1,694.0781504661461,0,655,720.6624755859375
1,1,694.5012129449309,0,656,721.7874755859375
1,1,694.92426418033176,0,657,726
1,1,695.347304166795,0,658,729.0374755859375
1,1,695.770332898766,0,659,732.4000244140625
1,1,696.19335037069186,0,660,735.92498779296875
1,1,696.61635657702038,0,661,739.01251220703125
1,1,697.03935151219946,0,662,742
1,1,697.462335170677,0,663,747.61248779296875
1,1,697.88530754690271,0,664,750
1,1,698.30826863532559,0,665,756.61248779296875
1,1,698.73121843039621,0,666,760.8125
1,1,699.15415692656438,0,667,767.1875
1,1,699.57708411828207,0,668,771.01251220703125
1,1,700.00000000000023,0,669,774.5999755859375
1,1,700.422904566171,0,670,781.51251220703125
1,1,700.84579781124773,0,671,787.3499755859375
1,1,701.26867972968307,0,672,792.70001220703125
1,1,701.6915503159305,0,673,797.73748779296875
1,1,702.11440956444494,0,674,803.5999755859375
1,1,702.53725746968053,0,675,810.63751220703125
1,1,702.96009402609309,0,676,818.01251220703125
1,1,703.38291922813823,0,677,821.5
1,1,703.80573307027259,0,678,832.5374755859375
1,1,704.2285355469528,0,679,838.7249755859375
1,1,704.65132665263627,0,680,844.86248779296875
1,1,705.07410638178078,0,681,851.3125
1,1,705.49687472884523,0,682,860.4625244140625
1,1,705.91963168828875,0,683,868.01251220703125
1,1,706.34237725457035,0,684,876.5250244140625
1,1,706.76511142215077,0,685,883.5
1,1,707.18783418548981,0,686,893.23748779296875
1,1,707.61054553904955,0,687,902.86248779296875
1,1,708.0332454772913,0,688,916.2249755859375
1,1,708.45593399467725,0,689,923.86248779296875
1,1,708.87861108566972,0,690,934.2750244140625
1,1,709.30127674473272,0,691,945.20001220703125
1,1,709.72393096632948,0,692,954.4749755859375
1,1,710.14657374492538,0,693,970.36248779296875
1,1,710.56920507498421,0,694,979.4000244140625
1,1,710.9918249509717,0,695,992.04998779296875
1,1,711.41443336735369,0,696,1007.6500244140625
1,1,711.83703031859727,0,697,1017.4375
1,1,712.25961579916941,0,698,1029.925048828125
1,1,712.68218980353709,0,699,1043.4625244140625
1,1,713.10475232616909,0,700,1059.137451171875
1,1,713.52730336153343,0,701,1073.0250244140625
1,1,713.94984290409991,0,702,1091.125
1,1,714.37237094833779,0,703,1104.4375
1,1,714.79488748871779,0,704,1120.6624755859375
1,1,715.2173925197103,0,705,1137.5625
1,1,715.63988603578673,0,706,1156.262451171875
1,1,716.06236803141974,0,707,1173.625
1,1,716.48483850108107,0,708,1190.7750244140625
1,1,716.90729743924283,0,709,1208.362548828125
1,1,717.32974484038039,0,710,1228.362548828125
1,1,717.75218069896653,0,711,1246.625
1,1,718.17460500947652,0,712,1268.25
1,1,718.59701776638519,0,713,1289.5999755859375
1,1,719.01941896416815,0,714,1312.25
1,1,719.441808597302,0,715,1333.675048828125
1,1,719.86418666026327,0,716,1354.262451171875
1,1,720.28655314752893,0,717,1382.887451171875
1,1,720.70890805357783,0,718,1406.2874755859375
1,1,721.13125137288739,0,719,1433.762451171875
1,1,721.55358309993687,0,720,1465.237548828125
1,1,721.97590322920576,0,721,1487.612548828125
1,1,722.3982117551742,0,722,1511.9375
1,1,722.82050867232272,0,723,1546.4749755859375
1,1,723.24279397513294,0,724,1575.074951171875
1,1,723.66506765808583,0,725,1610.2125244140625
1,1,724.08732971566394,0,726,1640.1500244140625
1,1,724.50958014234993,0,727,1675
1,1,724.93181893262749,0,728,1713.762451171875
1,1,725.35404608098008,0,729,1747.9000244140625
1,1,725.776261581892,0,730,1776.237548828125
1,1,726.19846542984885,0,731,1823.0374755859375
1,1,726.6206576193357,0,732,1856.175048828125
1,1,727.0428381448387,0,733,1898.824951171875
1,1,727.46500700084448,0,734,1943.4625244140625
1,1,727.88716418184038,0,735,1984.8499755859375
1,1,728.30930968231382,0,736,2031.2874755859375
1,1,728.73144349675329,0,737,2076.512451171875
1,1,729.15356561964757,0,738,2130.60009765625
1,1,729.575676045486,0,739,2178.64990234375
1,1,729.9977747687584,0,740,2224.862548828125
1,1,730.41986178395564,0,741,2274.97509765625
1,1,730.8419370855687,0,742,2330.362548828125
1,1,731.26400066808856,0,743,2387.925048828125
1,1,731.68605252600833,0,744,2456.737548828125
1,1,732.10809265381965,0,745,2505.47509765625
1,1,732.53012104601669,0,746,2574.824951171875
1,1,732.95213769709233,0,747,2631.699951171875
1,1,733.37414260154208,0,748,2707.112548828125
1,1,733.79613575385952,0,749,2770.72509765625
1,1,734.21811714854141,0,750,2831.324951171875
1,1,734.64008678008327,0,751,2907.6875
1,1,735.06204464298162,0,752,2967.41259765625
1,1,735.48399073173346,0,753,3062.112548828125
1,1,735.90592504083656,0,754,3132.137451171875
1,1,736.32784756478986,0,755,3208.10009765625
1,1,736.74975829809091,0,756,3296.78759765625
1,1,737.1716572352401,0,757,3374.72509765625
1,1,737.59354437073671,0,758,3459.60009765625
1,1,738.0154196990818,0,759,3553.175048828125
1,1,738.437283214776,0,760,3646.237548828125
1,1,738.85913491232157,0,761,3749.862548828125
1,1,739.28097478621987,0,762,3844.824951171875
1,1,739.70280283097418,0,763,3939.875
1,1,740.1246190410875,0,764,4038.22509765625
1,1,740.5464234110633,0,765,4141.5
1,1,740.968215935407,0,766,4257.5751953125
1,1,741.38999660862282,0,767,4357.8125
1,1,741.81176542521655,0,768,4475.9873046875
1,1,742.23352237969425,0,769,4601.8251953125
1,1,742.65526746656212,0,770,4721.3251953125
1,1,743.07700068032852,0,771,4836.27490234375
1,1,743.49872201550056,0,772,4957.2001953125
1,1,743.92043146658636,0,773,5086.4375
1,1,744.342129028095,0,774,5219.875
1,1,744.76381469453645,0,775,5346.7626953125
1,1,745.18548846042,0,776,5496.53759765625
1,1,745.60715032025666,0,777,5625.9501953125
1,1,746.02880026855814,0,778,5769.8125
1,1,746.450438299835,0,779,5905.875
1,1,746.87206440860064,0,780,6058.2001953125
1,1,747.29367858936735,0,781,6206.77490234375
1,1,747.71528083664828,0,782,6360.0126953125
1,1,748.13687114495838,0,783,6513.60009765625
1,1,748.55844950881158,0,784,6678.4873046875
1,1,748.980015922723,0,785,6837.1875
1,1,749.40157038120856,0,786,6997.6376953125
1,1,749.82311287878508,0,787,7174.4375
1,1,750.24464340996826,0,788,7338.8125
1,1,750.66616196927635,0,789,7498.4375
1,1,751.0876685512269,0,790,7677.8251953125
1,1,751.50916315033908,0,791,7839.6123046875
1,1,751.93064576113159,0,792,8019.75
1,1,752.352116378124,0,793,8211.712890625
1,1,752.77357499583684,0,794,8379.75
1,1,753.19502160879131,0,795,8560.2998046875
1,1,753.61645621150774,0,796,8757.6376953125
1,1,754.0378787985095,0,797,8924.625
1,1,754.459289364318,0,798,9126.775390625
1,1,754.88068790345721,0,799,9306.287109375
1,1,755.30207441045036,0,800,9489.375
1,1,755.72344887982183,0,801,9681.712890625
1,1,756.14481130609681,0,802,9873.3623046875
1,1,756.5661616838,0,803,10053.9375
1,1,756.98750000745849,0,804,10231.775390625
1,1,757.408826271598,0,805,10414.4501953125
1,1,757.83014047074585,0,806,10586.0625
1,1,758.25144259942988,0,807,10755.6875
1,1,758.67273265217887,0,808,10935.5
1,1,759.09401062352083,0,809,11125.8125
1,1,759.51527650798562,0,810,11296.4873046875
1,1,759.93653030010341,0,811,11459.537109375
1,1,760.35777199440474,0,812,11634.775390625
1,1,760.779001585421,0,813,11788.0625
1,1,761.20021906768363,0,814,11939.5751953125
1,1,761.62142443572554,0,815,12074.7626953125
1,1,762.04261768407889,0,816,12236.837890625
1,1,762.46379880727807,0,817,12359.5126953125
1,1,762.88496779985621,0,818,12512.599609375
1,1,763.30612465634852,0,819,12641.2001953125
1,1,763.7272693712905,0,820,12762.974609375
1,1,764.14840193921759,0,821,12865.4248046875
1,1,764.56952235466633,0,822,12993.037109375
1,1,764.99063061217385,0,823,13069.1376953125
1,1,765.4117267062777,0,824,13167.037109375
1,1,765.832810631516,0,825,13239.337890625
1,1,766.25388238242726,0,826,13313.1875
1,1,766.6749419535513,0,827,13397.7001953125
1,1,767.09598933942732,0,828,13460.287109375
1,1,767.51702453459677,0,829,13511.2001953125
1,1,767.9380475336003,0,830,13559.3876953125
1,1,768.35905833097888,0,831,13598.625
1,1,768.78005692127624,0,832,13616.599609375
1,1,769.20104329903415,0,833,13631.087890625
1,1,769.62201745879611,0,834,13644.3876953125
1,1,770.04297939510616,0,835,13625.5126953125
1,1,770.4639291025095,0,836,13586.712890625
1,1,770.8848665755504,0,837,13579.150390625
1,1,771.30579180877555,0,838,13538.0751953125
1,1,771.72670479673025,0,839,13498.6123046875
1,1,772.14760553396229,0,840,13463.962890625
1,1,772.568494015019,0,841,13416.8251953125
1,1,772.98937023444853,0,842,13363.9375
1,1,773.41023418679993,0,843,13315.3251953125
1,1,773.83108586662161,0,844,13233.650390625
1,1,774.251925268464,0,845,13151.712890625
1,1,774.67275238687762,0,846,13049.6748046875
1,1,775.09356721641313,0,847,12962.7373046875
1,1,775.51436975162312,0,848,12835.099609375
1,1,775.93515998705868,0,849,12720.1376953125
1,1,776.3559379172732,0,850,12609.8623046875
1,1,776.77670353682049,0,851,12492.9873046875
1,1,777.19745684025406,0,852,12364.9248046875
1,1,777.61819782212865,0,853,12248.3876953125
1,1,778.03892647699934,0,854,12133.6875
1,1,778.45964279942211,0,855,12014.587890625
1,1,778.88034678395343,0,856,11879.162109375
1,1,779.30103842515018,0,857,11739.337890625
1,1,779.72171771756973,0,858,11591.837890625
1,1,780.14238465577091,0,859,11448.150390625
1,1,780.56303923431176,0,860,11305.912109375
1,1,780.98368144775191,0,861,11144.7998046875
1,1,781.40431129065109,0,862,10991.099609375
1,1,781.82492875757077,0,863,10837.537109375
1,1,782.2455338430708,0,864,10680.0126953125
1,1,782.66612654171377,0,865,10535.412109375
1,1,783.08670684806225,0,866,10381.8623046875
1,1,783.5072747566785,0,867,10251.724609375
1,1,783.92783026212635,0,868,10118.4501953125
1,1,784.34837335897,0,869,9953.099609375
1,1,784.76890404177379,0,870,9810.3876953125
1,1,785.18942230510368,0,871,9663.599609375
1,1,785.60992814352517,0,872,9507.037109375
1,1,786.030421551605,0,873,9350.375
1,1,786.45090252390969,0,874,9220.7001953125
1,1,786.871371055008,0,875,9086.599609375
1,1,787.29182713946761,0,876,8938.4375
1,1,787.712270771858,0,877,8807.4375
1,1,788.132701946748,0,878,8646.1123046875
1,1,788.55312065870783,0,879,8530.025390625
1,1,788.97352690230912,0,880,8388.1748046875
1,1,789.393920672122,0,881,8247.4375
1,1,789.81430196271913,0,882,8124.78759765625
1,1,790.23467076867291,0,883,7991.3623046875
1,1,790.6550270845562,0,884,7867.78759765625
1,1,791.075370904943,0,885,7727.9501953125
1,1,791.49570222440809,0,886,7610.5751953125
1,1,791.91602103752575,0,887,7496.46240234375
1,1,792.3363273388718,0,888,7355.3125
1,1,792.75662112302234,0,889,7240.0625
1,1,793.17690238455441,0,890,7114.3125
1,1,793.59717111804491,0,891,6997.08740234375
1,1,794.0174273180719,0,892,6898.72509765625
1,1,794.43767097921454,0,893,6784.3876953125
1,1,794.85790209605148,0,894,6666.28759765625
1,1,795.27812066316278,0,895,6548.35009765625
1,1,795.69832667512867,0,896,6443.6875
1,1,796.11852012653048,0,897,6325.52490234375
1,1,796.53870101194923,0,898,6231.21240234375
1,1,796.95886932596773,0,899,6119.03759765625
1,1,797.37902506316857,0,900,6015.7001953125
1,1,797.79916821813515,0,901,5911.96240234375
1,1,798.21929878545166,0,902,5799.2373046875
1,1,798.639416759703,0,903,5704.27490234375
1,1,799.05952213547391,0,904,5590.60009765625
1,1,799.4796149073502,0,905,5490.4873046875
1,1,799.89969506991929,0,906,5411.0625
1,1,800.31976261776754,0,907,5301.71240234375
1,1,800.73981754548242,0,908,5204.8876953125
1,1,801.15985984765291,0,909,5097.9501953125
1,1,801.57988951886784,0,910,5011.875
1,1,801.99990655371687,0,911,4917.4873046875
1,1,802.41991094678963,0,912,4825.1875
1,1,802.8399026926769,0,913,4749.53759765625
1,1,803.25988178597083,0,914,4656.6123046875
1,1,803.679848221263,0,915,4577.64990234375
1,1,804.09980199314566,0,916,4488.41259765625
1,1,804.519743096213,0,917,4413.1875
1,1,804.93967152505752,0,918,4316.5
1,1,805.35958727427476,0,919,4228.47509765625
1,1,805.77949033845971,0,920,4154.0625
1,1,806.19938071220781,0,921,4077.699951171875
1,1,806.61925839011519,0,922,3996.25
1,1,807.03912336677877,0,923,3906.737548828125
1,1,807.45897563679671,0,924,3819.512451171875
1,1,807.878815194767,0,925,3730.175048828125
1,1,808.29864203528746,0,926,3664.675048828125
1,1,808.71845615295854,0,927,3585.324951171875
1,1,809.13825754238042,0,928,3503.91259765625
1,1,809.55804619815262,0,929,3427.75
1,1,809.9778221148772,0,930,3352.637451171875
1,1,810.397585287156,0,931,3285.625
1,1,810.81733570959125,0,932,3206.03759765625
1,1,811.23707337678638,0,933,3125.03759765625
1,1,811.65679828334487,0,934,3061.237548828125
1,1,812.07651042387067,0,935,2988.875
1,1,812.49620979297,0,936,2929.22509765625
1,1,812.91589638524715,0,937,2866.4375
1,1,813.335570195309,0,938,2797.47509765625
1,1,813.75523121776212,0,939,2735.71240234375
1,1,814.17487944721449,0,940,2676.800048828125
1,1,814.59451487827334,0,941,2617.97509765625
1,1,815.01413750554832,0,942,2562.89990234375
1,1,815.43374732364771,0,943,2504.449951171875
1,1,815.85334432718241,0,944,2441.5625
1,1,816.27292851076254,0,945,2384.425048828125
1,1,816.69249986899922,0,946,2331.08740234375
1,1,817.11205839650449,0,947,2284.199951171875
1,1,817.53160408789074,0,948,2230.47509765625
1,1,817.95113693777091,0,949,2180.5625
1,1,818.37065694075932,0,950,2134.887451171875
1,1,818.79016409146971,0,951,2087.46240234375
1,1,819.209658384517,0,952,2039.4000244140625
1,1,819.62913981451652,0,953,1983.4625244140625
1,1,820.048608376085,0,954,1931.262451171875
1,1,820.46806406383962,0,955,1886.2750244140625
1,1,820.88750687239678,0,956,1838.1875
1,1,821.30693679637545,0,957,1800.0374755859375
1,1,821.72635383039392,0,958,1761.375
1,1,822.14575796907206,0,959,1725.112548828125
1,1,822.56514920702932,0,960,1683.574951171875
1,1,822.98452753888625,0,961,1653.9375
1,1,823.40389295926434,0,962,1613.8375244140625
1,1,823.82324546278551,0,963,1581.9124755859375
1,1,824.24258504407192,0,964,1545.987548828125
1,1,824.66191169774686,0,965,1518.5250244140625
1,1,825.08122541843409,0,966,1490
1,1,825.50052620075871,0,967,1459.862548828125
1,1,825.91981403934426,0,968,1435.550048828125
1,1,826.33908892881766,0,969,1408.4375
1,1,826.75835086380471,0,970,1380.987548828125
1,1,827.177599838932,0,971,1352.699951171875
1,1,827.59683584882771,0,972,1329.0625
1,1,828.01605888811991,0,973,1307.0250244140625
1,1,828.43526895143737,0,974,1279.2249755859375
1,1,828.85446603340893,0,975,1262.175048828125
1,1,829.27365012866574,0,976,1240.2874755859375
1,1,829.6928212318378,0,977,1218.262451171875
1,1,830.11197933755636,0,978,1198.487548828125
1,1,830.53112444045382,0,979,1176.5999755859375
1,1,830.95025653516268,0,980,1162.4375
1,1,831.36937561631657,0,981,1142.512451171875
1,1,831.78848167854858,0,982,1128.75
1,1,832.207574716494,0,983,1111.887451171875
1,1,832.62665472478739,0,984,1095.237548828125
1,1,833.04572169806511,0,985,1084.512451171875
1,1,833.46477563096323,0,986,1067.0875244140625
1,1,833.88381651811915,0,987,1055.262451171875
1,1,834.30284435417,0,988,1042.6500244140625
1,1,834.7218591337554,0,989,1032.3499755859375
1,1,835.1408608515128,0,990,1021.6500244140625
1,1,835.55984950208256,0,991,1010.6875
1,1,835.97882508010559,0,992,1001.375
1,1,836.39778758022169,0,993,989.7249755859375
1,1,836.81673699707289,0,994,976.42498779296875
1,1,837.23567332530172,0,995,967.8375244140625
1,1,837.65459655955055,0,996,958.61248779296875
1,1,838.073506694463,0,997,944.42498779296875
1,1,838.49240372468364,0,998,938.7750244140625
1,1,838.91128764485677,0,999,925.7750244140625
1,1,839.3301584496279,0,1000,916.63751220703125
1,1,839.749016133643,0,1001,907.9375
1,1,840.16786069154864,0,1002,901.5374755859375
1,1,840.58669211799281,0,1003,892.5999755859375
1,1,841.00551040762275,0,1004,883.4000244140625
1,1,841.4243155550879,0,1005,876.5875244140625
1,1,841.84310755503668,0,1006,865.5
1,1,842.26188640211956,0,1007,855.625
1,1,842.68065209098688,0,1008,849.8125
1,1,843.09940461628992,0,1009,844.5999755859375
1,1,843.5181439726806,0,1010,838.13751220703125
1,1,843.93687015481157,0,1011,833.86248779296875
1,1,844.35558315733545,0,1012,825.5374755859375
1,1,844.77428297490644,0,1013,822.3125
1,1,845.19296960217912,0,1014,816.7874755859375
1,1,845.61164303380826,0,1015,812.2874755859375
1,1,846.03030326445014,0,1016,806.42498779296875
1,1,846.44895028876033,0,1017,800.0625
1,1,846.86758410139623,0,1018,796.92498779296875
1,1,847.28620469701571,0,1019,794.13751220703125
1,1,847.70481207027683,0,1020,786.7874755859375
1,1,848.123406215839,0,1021,781.23748779296875
1,1,848.54198712836137,0,1022,776.7249755859375
1,1,848.96055480250448,0,1023,771.4749755859375
1,1,849.37910923292952,0,1024,767.42498779296875
1,1,849.79765041429755,0,1025,760.25
1,1,850.216178341271,0,1026,752.125
1,1,850.634693008513,0,1027,745.51251220703125
1,1,851.053194410687,0,1028,738.9625244140625
1,1,851.47168254245662,0,1029,735.1875
1,1,851.89015739848753,0,1030,730.3375244140625
1,1,852.30861897344528,0,1031,722.88751220703125
1,1,852.7270672619951,0,1032,719.76251220703125
1,1,853.14550225880487,0,1033,717
1,1,853.563923958541,0,1034,712.5374755859375
1,1,853.9823323558727,0,1035,711.0374755859375
1,1,854.40072744546762,0,1036,708.875
1,1,854.819109221996,0,1037,704.48748779296875
1,1,855.23747768012788,0,1038,702.45001220703125
1,1,855.65583281453326,0,1039,698.625
1,1,856.07417461988484,0,1040,699.13751220703125
1,1,856.49250309085369,0,1041,695.63751220703125
1,1,856.91081822211265,0,1042,692.9375
1,1,857.32912000833483,0,1043,690.86248779296875
1,1,857.747408444195,0,1044,688.98748779296875
1,1,858.16568352436752,0,1045,688.1500244140625
1,1,858.58394524352741,0,1046,685.9625244140625
1,1,859.002193596351,0,1047,683.38751220703125
1,1,859.4204285775146,0,1048,683.23748779296875
1,1,859.83865018169615,0,1049,679.75
1,1,860.256858403573,0,1050,677.5875244140625
1,1,860.67505323782416,0,1051,675.67498779296875
1,1,861.093234679129,0,1052,673.42498779296875
1,1,861.51140272216674,0,1053,672.4375
1,1,861.92955736161889,0,1054,669
1,1,862.34769859216635,0,1055,668.04998779296875
1,1,862.76582640849108,0,1056,668
1,1,863.18394080527548,0,1057,664.875
1,1,863.60204177720323,0,1058,665.0875244140625
1,1,864.020129318958,0,1059,663.48748779296875
1,1,864.43820342522406,0,1060,661.1624755859375
1,1,864.85626409068732,0,1061,660.76251220703125
1,1,865.27431131003334,0,1062,659.98748779296875
1,1,865.692345077949,0,1063,658.76251220703125
1,1,866.11036538912037,0,1064,656.73748779296875
1,1,866.528372238237,0,1065,656.3125
1,1,866.94636561998652,0,1066,656.36248779296875
1,1,867.36434552905848,0,1067,653.9375
1,1,867.78231196014247,0,1068,654.375
1,1,868.20026490792907,0,1069,652.17498779296875
1,1,868.61820436711025,0,1070,652.45001220703125
1,1,869.03613033237684,0,1071,650.45001220703125
1,1,869.45404279842217,0,1072,649.5374755859375
1,1,869.87194175993875,0,1073,651.04998779296875
1,1,870.28982721162151,0,1074,648.95001220703125
1,1,870.707699148164,0,1075,649.5
1,1,871.12555756426218,0,1076,648.26251220703125
1,1,871.54340245461128,0,1077,647.25
1,1,871.96123381390862,0,1078,646.76251220703125
1,1,872.37905163685093,0,1079,646
1,1,872.7968559181362,0,1080,645.3375244140625
1,1,873.214646652463,0,1081,644.38751220703125
1,1,873.63242383453064,0,1082,644.3125
1,1,874.050187459039,0,1083,644.0250244140625
1,1,874.46793752068913,0,1084,643.9000244140625
1,1,874.88567401418163,0,1085,642.625
1,1,875.30339693421831,0,1086,643.7750244140625
1,1,875.72110627550251,0,1087,640.5
1,1,876.138802032737,0,1088,641.20001220703125
1,1,876.55648420062573,0,1089,640.9000244140625
1,1,876.97415277387358,0,1090,639.9000244140625
1,1,877.39180774718614,0,1091,639.9124755859375
1,1,877.80944911526808,0,1092,639.4375
1,1,878.2270768728273,0,1093,638.8125
1,1,878.64469101457109,0,1094,638.7750244140625
1,1,879.0622915352069,0,1095,638.8125
1,1,879.47987842944337,0,1096,638.7750244140625
1,1,879.89745169199,0,1097,636.1624755859375
1,1,880.31501131755692,0,1098,637.75
1,1,880.73255730085475,0,1099,637.23748779296875
1,1,881.150089636595,0,1100,637.4625244140625
1,1,881.56760831948907,0,1101,635.75
1,1,881.98511334425029,0,1102,636.4625244140625
1,1,882.4026047055919,0,1103,636.0999755859375
1,1,882.82008239822835,0,1104,635.57501220703125
1,1,883.23754641687367,0,1105,634.9124755859375
1,1,883.65499675624392,0,1106,636.07501220703125
1,1,884.0724334110547,0,1107,633.98748779296875
1,1,884.48985637602323,0,1108,636.17498779296875
1,1,884.907265645866,0,1109,634.9375
1,1,885.32466121530285,0,1110,635.70001220703125
1,1,885.7420430790512,0,1111,636.26251220703125
1,1,886.159411231831,0,1112,633.2874755859375
1,1,886.57676566836244,0,1113,633.38751220703125
1,1,886.99410638336644,0,1114,633.4749755859375
1,1,887.41143337156473,0,1115,633.63751220703125
1,1,887.82874662767949,0,1116,633.4625244140625
1,1,888.2460461464326,0,1117,632.04998779296875
1,1,888.663331922549,0,1118,631.3499755859375
1,1,889.08060395075188,0,1119,632.29998779296875
1,1,889.49786222576768,0,1120,631.82501220703125
1,1,889.91510674232018,0,1121,631.54998779296875
1,1,890.332337495137,0,1122,631.7750244140625
1,1,890.749554478945,0,1123,629.54998779296875
1,1,891.16675768847119,0,1124,632.20001220703125
1,1,891.58394711844471,0,1125,630.36248779296875
1,1,892.0011227635938,0,1126,631.38751220703125
1,1,892.41828461864907,0,1127,631.2249755859375
1,1,892.83543267834023,0,1128,630.29998779296875
1,1,893.25256693739891,0,1129,631.0250244140625
1,1,893.66968739055665,0,1130,630.9749755859375
1,1,894.08679403254553,0,1131,630.0625
1,1,894.5038868580998,0,1132,629.23748779296875
1,1,894.92096586195214,0,1133,630.7874755859375
1,1,895.33803103883781,0,1134,628.20001220703125
1,1,895.75508238349187,0,1135,629.2750244140625
1,1,896.17211989064992,0,1136,627.6875
1,1,896.58914355504919,0,1137,627.125
1,1,897.00615337142654,0,1138,629.48748779296875
1,1,897.42314933452008,0,1139,626.9749755859375
1,1,897.84013143906827,0,1140,629.20001220703125
1,1,898.25709967981084,0,1141,628.0625
1,1,898.67405405148747,0,1142,627.76251220703125
1,1,899.090994548839,0,1143,628.3125
1,1,899.50792116660682,0,1144,627.88751220703125
1,1,899.92483389953327,0,1145,628.2125244140625
1,1,900.34173274236139,0,1146,628.23748779296875
1,1,900.75861768983384,0,1147,627.875
1,1,901.17548873669523,0,1148,627.4749755859375
1,1,901.5923458776906,0,1149,627.23748779296875
1,1,902.00918910756548,0,1150,627.29998779296875
1,1,902.426018421066,0,1151,627.6624755859375
1,1,902.84283381293949,0,1152,627.48748779296875
1,1,903.25963527793317,0,1153,628.1624755859375
1,1,903.6764228107952,0,1154,630.75
1,1,904.0931964062753,0,1155,633.01251220703125
1,1,904.50995605912271,0,1156,636.1624755859375
1,1,904.92670176408831,0,1157,638.17498779296875
1,1,905.34343351592281,0,1158,639.4625244140625
1,1,905.76015130937753,0,1159,639.17498779296875
1,1,906.17685513920617,0,1160,639.6500244140625
1,1,906.59354500016173,0,1161,638.5875244140625
1,1,907.01022088699722,0,1162,639.88751220703125
1,1,907.42688279446759,0,1163,640.07501220703125
1,1,907.84353071732869,0,1164,640.6500244140625
1,1,908.26016465033638,0,1165,641.0250244140625
1,1,908.67678458824673,0,1166,640.01251220703125
1,1,909.09339052581777,0,1167,640.07501220703125
1,1,909.50998245780715,0,1168,640.9124755859375
1,1,909.92656037897416,0,1169,640.0875244140625
1,1,910.343124284078,0,1170,640.70001220703125
1,1,910.75967416787853,0,1171,639.0250244140625
1,1,911.17621002513715,0,1172,639.3499755859375
1,1,911.59273185061488,0,1173,638.0625
1,1,912.00923963907519,0,1174,639.11248779296875
1,1,912.42573338527961,0,1175,639.7750244140625
1,1,912.84221308399276,0,1176,638.95001220703125
1,1,913.25867872997867,0,1177,640.4124755859375
1,1,913.6751303180024,0,1178,639.9625244140625
1,1,914.09156784283,0,1179,639.5
1,1,914.50799129922791,0,1180,642.0875244140625
1,1,914.92440068196311,0,1181,641.5999755859375
1,1,915.34079598580365,0,1182,642.0250244140625
1,1,915.75717720551768,0,1183,640.95001220703125
1,1,916.17354433587548,0,1184,643.11248779296875
1,1,916.5898973716462,0,1185,643.2125244140625
1,1,917.00623630760083,0,1186,642.2750244140625
1,1,917.4225611385109,0,1187,642.75
1,1,917.8388718591483,0,1188,640.625
1,1,918.25516846428593,0,1189,642.2874755859375
1,1,918.6714509486975,0,1190,641.25
1,1,919.08771930715716,0,1191,641.2249755859375
1,1,919.50397353443975,0,1192,640.73748779296875
1,1,919.9202136253208,0,1193,638.88751220703125
1,1,920.33643957457684,0,1194,637.4749755859375
1,1,920.75265137698523,0,1195,633.5250244140625
1,1,921.16884902732329,0,1196,635.1875
1,1,921.5850325203694,0,1197,632.73748779296875
1,1,922.00120185090316,0,1198,632.6500244140625
1,1,922.41735701370442,0,1199,631.2125244140625
1,1,922.83349800355325,0,1200,630.7249755859375
1,1,923.24962481523153,0,1201,631.9000244140625
1,1,923.66573744352092,0,1202,631.9625244140625
1,1,924.0818358832048,0,1203,631.0250244140625
1,1,924.49792012906562,0,1204,631.29998779296875
1,1,924.91399017588776,0,1205,631.3125
1,1,925.330046018457,0,1206,631
1,1,925.74608765155813,0,1207,630.1875
1,1,926.16211506997729,0,1208,630.3125
1,1,926.57812826850159,0,1209,630.38751220703125
1,1,926.99412724191916,0,1210,630.7249755859375
1,1,927.41011198501792,0,1211,629.7750244140625
1,1,927.826082492587,0,1212,630.25
1,1,928.24203875941669,0,1213,631.0999755859375
1,1,928.65798078029718,0,1214,630.9625244140625
1,1,929.07390855001961,0,1215,630.8375244140625
1,1,929.48982206337632,0,1216,629.2249755859375
1,1,929.90572131515967,0,1217,631.0250244140625
1,1,930.32160630016335,0,1218,628.7249755859375
1,1,930.73747701318121,0,1219,629.2125244140625
1,1,931.15333344900785,0,1220,628.48748779296875
1,1,931.56917560243994,0,1221,629.07501220703125
1,1,931.98500346827234,0,1222,628.2874755859375
1,1,932.40081704130307,0,1223,626.86248779296875
1,1,932.81661631632915,0,1224,627.95001220703125
1,1,933.23240128814916,0,1225,627.9375
1,1,933.64817195156252,0,1226,628.9375
1,1,934.063928301369,0,1227,626.95001220703125
1,1,934.47967033236887,0,1228,627.4124755859375
1,1,934.89539803936339,0,1229,626.3375244140625
1,1,935.31111141715462,0,1230,626.20001220703125
1,1,935.72681046054583,0,1231,625.67498779296875
1,1,936.14249516434018,0,1232,626.13751220703125
1,1,936.5581655233409,0,1233,625.38751220703125
1,1,936.9738215323539,0,1234,625.2125244140625
1,1,937.38946318618457,0,1235,624.88751220703125
1,1,937.805090479639,0,1236,625.3375244140625
1,1,938.22070340752452,0,1237,624.57501220703125
1,1,938.63630196464862,0,1238,624.1624755859375
1,1,939.05188614581937,0,1239,625.5625
1,1,939.46745594584718,0,1240,624.2874755859375
1,1,939.883011359541,0,1241,624.11248779296875
1,1,940.29855238171126,0,1242,623.8375244140625
1,1,940.71407900717043,0,1243,624.6624755859375
1,1,941.12959123072937,0,1244,625.1500244140625
1,1,941.54508904720149,0,1245,623.92498779296875
1,1,941.96057245140025,0,1246,625.0999755859375
1,1,942.37604143813962,0,1247,625.61248779296875
1,1,942.79149600223548,0,1248,623.42498779296875
1,1,943.2069361385021,0,1249,625.3125
1,1,943.6223618417572,0,1250,625.0374755859375
1,1,944.03777310681733,0,1251,625.04998779296875
1,1,944.45316992850007,0,1252,625.0250244140625
1,1,944.86855230162462,0,1253,624.75
1,1,945.28392022101025,0,1254,624.29998779296875
1,1,945.69927368147626,0,1255,624.0374755859375
1,1,946.11461267784455,0,1256,623.5250244140625
1,1,946.529937204936,0,1257,624.1624755859375
1,1,946.945247257572,0,1258,623.875
1,1,947.36054283057729,0,1259,625.0875244140625
1,1,947.77582391877434,0,1260,623.3499755859375
1,1,948.1910905169874,0,1261,624.7125244140625
1,1,948.60634262004237,0,1262,624.92498779296875
1,1,949.02158022276456,0,1263,623.45001220703125
1,1,949.4368033199811,0,1264,625.92498779296875
1,1,949.85201190651867,0,1265,624.9625244140625
1,1,950.26720597720555,0,1266,625.5875244140625
1,1,950.68238552687092,0,1267,623.92498779296875
1,1,951.09755055034384,0,1268,624.4000244140625
1,1,951.51270104245441,0,1269,623.51251220703125
1,1,951.92783699803408,0,1270,624.0625
1,1,952.34295841191442,0,1271,625.61248779296875
1,1,952.75806527892769,0,1272,623.2249755859375
1,1,953.17315759390738,0,1273,624.95001220703125
1,1,953.58823535168676,0,1274,624.1500244140625
1,1,954.00329854710037,0,1275,625.1500244140625
1,1,954.41834717498489,0,1276,625.5250244140625
1,1,954.833381230175,0,1277,624.7750244140625
1,1,955.24840070750838,0,1278,625.32501220703125
1,1,955.66340560182175,0,1279,624.63751220703125
1,1,956.07839590795413,0,1280,625.0250244140625
1,1,956.49337162074437,0,1281,624.79998779296875
1,1,956.90833273503176,0,1282,626.2249755859375
1,1,957.323279245658,0,1283,625.8375244140625
1,1,957.73821114746306,0,1284,626.875
1,1,958.15312843528955,0,1285,628.2874755859375
1,1,958.56803110397948,0,1286,628.23748779296875
1,1,958.9829191483775,0,1287,627.79998779296875
1,1,959.39779256332679,0,1288,627.5
1,1,959.81265134367231,0,1289,629.0374755859375
1,1,960.22749548426009,0,1290,628.9375
1,1,960.64232497993646,0,1291,628.625
1,1,961.05713982554823,0,1292,628
1,1,961.47194001594289,0,1293,629.0999755859375
1,1,961.88672554597031,0,1294,629.26251220703125
1,1,962.30149641047933,0,1295,629.1500244140625
1,1,962.7162526043187,0,1296,629.3375244140625
1,1,963.13099412234135,0,1297,628.17498779296875
1,1,963.5457209593975,0,1298,628.7750244140625
1,1,963.96043311033952,0,1299,628.25
1,1,964.37513057002036,0,1300,629.7249755859375
1,1,964.78981333329477,0,1301,628.375
1,1,965.204481395016,0,1302,628.07501220703125
1,1,965.61913475004019,0,1303,628.3125
1,1,966.03377339322265,0,1304,629.11248779296875
1,1,966.44839731942045,0,1305,628.4375
1,1,966.86300652349109,0,1306,628.25
1,1,967.277601000293,0,1307,627.6500244140625
1,1,967.69218074468449,0,1308,627.70001220703125
1,1,968.10674575152586,0,1309,627.73748779296875
1,1,968.52129601567754,0,1310,627.4124755859375
1,1,968.93583153200041,0,1311,627.61248779296875
1,1,969.35035229535617,0,1312,627.1624755859375
1,1,969.764858300608,0,1313,626.32501220703125
1,1,970.17934954261921,0,1314,627.8125
1,1,970.5938260162535,0,1315,626.5374755859375
1,1,971.00828771637657,0,1316,627.54998779296875
1,1,971.42273463785352,0,1317,627.38751220703125
1,1,971.837166775551,0,1318,627.9625244140625
1,1,972.25158412433552,0,1319,627.8499755859375
1,1,972.6659866790759,0,1320,626.13751220703125
1,1,973.08037443464025,0,1321,626.4625244140625
1,1,973.494747385898,0,1322,626.11248779296875
1,1,973.90910552771982,0,1323,624.5625
1,1,974.32344885497571,0,1324,626.63751220703125
1,1,974.73777736253726,0,1325,625.1875
1,1,975.15209104527753,0,1326,626.17498779296875
1,1,975.56638989806936,0,1327,626.26251220703125
1,1,975.980673915787,0,1328,625.2874755859375
1,1,976.39494309330428,0,1329,624.57501220703125
1,1,976.809197425497,0,1330,626.3125
1,1,977.22343690724085,0,1331,625.9375
1,1,977.63766153341373,0,1332,624.88751220703125
1,1,978.05187129889214,0,1333,624.23748779296875
1,1,978.46606619855527,0,1334,624.9625244140625
1,1,978.8802462272813,0,1335,623.70001220703125
1,1,979.294411379951,0,1336,626.13751220703125
1,1,979.70856165144448,0,1337,624.20001220703125
1,1,980.12269703664356,0,1338,625.45001220703125
1,1,980.53681753042974,0,1339,625.45001220703125
