Exposure started time stamp,Exposure ended time stamp,Wavelength,Intensity
N/A,N/A,414.82169228227747,608.5999755859375
N/A,N/A,415.25090418320531,609.45001220703125
N/A,N/A,415.68010857356438,612.4124755859375
N/A,N/A,416.10930544753882,623.1624755859375
N/A,N/A,416.53849479931228,620.13751220703125
N/A,N/A,416.96767662307013,617.7750244140625
N/A,N/A,417.39685091299629,626.6624755859375
N/A,N/A,417.82601766327571,626.04998779296875
N/A,N/A,418.25517686809422,621.42498779296875
N/A,N/A,418.68432852163721,628.17498779296875
N/A,N/A,419.1134726180901,631.48748779296875
N/A,N/A,419.54260915163894,624.8375244140625
N/A,N/A,419.97173811647104,630.07501220703125
N/A,N/A,420.40085950677138,632.32501220703125
N/A,N/A,420.82997331672868,628.23748779296875
N/A,N/A,421.25907954052911,630.4000244140625
N/A,N/A,421.68817817236027,635.61248779296875
N/A,N/A,422.11726920640979,630.2249755859375
N/A,N/A,422.54635263686635,630.9124755859375
N/A,N/A,422.97542845791719,634.2750244140625
N/A,N/A,423.40449666375218,631.67498779296875
N/A,N/A,423.83355724855932,631.25
N/A,N/A,424.2626102065276,637.1500244140625
N/A,N/A,424.69165553184735,632.48748779296875
N/A,N/A,425.12069321870723,630.63751220703125
N/A,N/A,425.54972326129814,635.0625
N/A,N/A,425.97874565381039,633.6875
N/A,N/A,426.40776039043334,631.2874755859375
N/A,N/A,426.83676746535878,633.1500244140625
N/A,N/A,427.26576687277827,634.5875244140625
N/A,N/A,427.69475860688249,631.92498779296875
N/A,N/A,428.12374266186305,634.0374755859375
N/A,N/A,428.552719031912,634.9375
N/A,N/A,428.98168771122221,632.04998779296875
N/A,N/A,429.41064869398565,632.125
N/A,N/A,429.83960197439552,634.54998779296875
N/A,N/A,430.26854754664464,632.13751220703125
N/A,N/A,430.69748540492651,632.88751220703125
N/A,N/A,431.12641554343509,634.1500244140625
N/A,N/A,431.55533795636416,632.375
N/A,N/A,431.98425263790773,632.3125
N/A,N/A,432.41315958226079,634
N/A,N/A,432.84205878361831,633.3375244140625
N/A,N/A,433.2709502361746,631.23748779296875
N/A,N/A,433.69983393412622,633.26251220703125
N/A,N/A,434.12870987166804,633.7249755859375
N/A,N/A,434.55757804299628,631.1624755859375
N/A,N/A,434.98643844230747,632.57501220703125
N/A,N/A,435.415291063798,633.38751220703125
N/A,N/A,435.8441359016648,631.25
N/A,N/A,436.2729729501051,631.01251220703125
N/A,N/A,436.70180220331645,633.17498779296875
N/A,N/A,437.13062365549655,632.25
N/A,N/A,437.55943730084294,631.3499755859375
N/A,N/A,437.98824313355505,634.32501220703125
N/A,N/A,438.41704114783056,631.76251220703125
N/A,N/A,438.84583133786884,631.5
N/A,N/A,439.27461369786909,633.38751220703125
N/A,N/A,439.70338822203064,631.6500244140625
N/A,N/A,440.13215490455337,632.54998779296875
N/A,N/A,440.56091373963824,632.01251220703125
N/A,N/A,440.98966472148396,632.54998779296875
N/A,N/A,441.41840784429252,631.07501220703125
N/A,N/A,441.84714310226525,632.0999755859375
N/A,N/A,442.27587048960237,632.26251220703125
N/A,N/A,442.70459000050556,631.75
N/A,N/A,443.13330162917759,632.4375
N/A,N/A,443.5620053698201,631.4000244140625
N/A,N/A,443.99070121663556,631.42498779296875
N/A,N/A,444.41938916382708,631.3499755859375
N/A,N/A,444.84806920559708,633.0625
N/A,N/A,445.27674133614988,631.3375244140625
N/A,N/A,445.70540554968863,630.5250244140625
N/A,N/A,446.13406184041753,632.4375
N/A,N/A,446.56271020254087,630.7750244140625
N/A,N/A,446.9913506302629,630.42498779296875
N/A,N/A,447.41998311778872,632
N/A,N/A,447.84860765932359,630.73748779296875
N/A,N/A,448.27722424907364,630.4375
N/A,N/A,448.70583288124362,630.9749755859375
N/A,N/A,449.13443355004023,631.23748779296875
N/A,N/A,449.56302624967009,630.5
N/A,N/A,449.99161097433927,632.92498779296875
N/A,N/A,450.42018771825531,632.3499755859375
N/A,N/A,450.84875647562512,630.73748779296875
N/A,N/A,451.27731724065666,631.375
N/A,N/A,451.70587000755825,632
N/A,N/A,452.13441477053755,630.48748779296875
N/A,N/A,452.56295152380318,630.7874755859375
N/A,N/A,452.99148026156422,630.42498779296875
N/A,N/A,453.42000097802986,630.2125244140625
N/A,N/A,453.84851366740941,630.38751220703125
N/A,N/A,454.27701832391313,630.73748779296875
N/A,N/A,454.70551494175004,630.57501220703125
N/A,N/A,455.13400351513155,629.6624755859375
N/A,N/A,455.56248403826811,630.98748779296875
N/A,N/A,455.99095650537066,631.9124755859375
N/A,N/A,456.41942091065056,630.92498779296875
N/A,N/A,456.84787724832017,630.25
N/A,N/A,457.27632551259,630.4625244140625
N/A,N/A,457.70476569767334,630.7874755859375
N/A,N/A,458.13319779778243,631.1500244140625
N/A,N/A,458.56162180713056,631.2874755859375
N/A,N/A,458.99003771993074,630.7874755859375
N/A,N/A,459.41844553039624,629.9124755859375
N/A,N/A,459.84684523274126,629.5250244140625
N/A,N/A,460.27523682117936,630.625
N/A,N/A,460.70362028992582,629.4749755859375
N/A,N/A,461.131995633195,629.48748779296875
N/A,N/A,461.56036284520178,631.0999755859375
N/A,N/A,461.98872192016205,630.36248779296875
N/A,N/A,462.41707285229143,630.01251220703125
N/A,N/A,462.84541563580569,631.42498779296875
N/A,N/A,463.27375026492092,629.26251220703125
N/A,N/A,463.70207673385477,630.67498779296875
N/A,N/A,464.1303950368233,630.4749755859375
N/A,N/A,464.55870516804447,630.7874755859375
N/A,N/A,464.98700712173547,629.1500244140625
N/A,N/A,465.41530089211471,630.0250244140625
N/A,N/A,465.84358647339974,630.0625
N/A,N/A,466.27186385980997,630.875
N/A,N/A,466.70013304556375,629.2750244140625
N/A,N/A,467.12839402488049,630.6500244140625
N/A,N/A,467.55664679197969,629.95001220703125
N/A,N/A,467.98489134108115,631.1500244140625
N/A,N/A,468.41312766640539,629.7874755859375
N/A,N/A,468.84135576217255,630.38751220703125
N/A,N/A,469.26957562260361,630.2750244140625
N/A,N/A,469.69778724191985,629.4375
N/A,N/A,470.12599061434219,628.8125
N/A,N/A,470.55418573409338,630.2125244140625
N/A,N/A,470.98237259539434,630.2874755859375
N/A,N/A,471.41055119246863,630.5
N/A,N/A,471.83872151953892,630.04998779296875
N/A,N/A,472.2668835708277,630.23748779296875
N/A,N/A,472.69503734055849,629.70001220703125
N/A,N/A,473.12318282295541,629.3125
N/A,N/A,473.55132001224212,629.86248779296875
N/A,N/A,473.97944890264353,629.3375244140625
N/A,N/A,474.4075694883839,628.9375
N/A,N/A,474.83568176368863,629.0374755859375
N/A,N/A,475.263785722783,629.32501220703125
N/A,N/A,475.69188135989242,630.54998779296875
N/A,N/A,476.11996866924341,629.4000244140625
N/A,N/A,476.54804764506196,628.125
N/A,N/A,476.976118281575,628.51251220703125
N/A,N/A,477.40418057300934,630.0625
N/A,N/A,477.83223451359254,630.25
N/A,N/A,478.2602800975522,629.4749755859375
N/A,N/A,478.68831731911666,627.73748779296875
N/A,N/A,479.11634617251343,629.9000244140625
N/A,N/A,479.54436665197164,629.9625244140625
N/A,N/A,479.97237875172112,628.7874755859375
N/A,N/A,480.40038246598971,628.6624755859375
N/A,N/A,480.82837778900807,630.2874755859375
N/A,N/A,481.25636471500627,629.875
N/A,N/A,481.68434323821418,628.7750244140625
N/A,N/A,482.11231335286266,629.4124755859375
N/A,N/A,482.54027505318265,629.61248779296875
N/A,N/A,482.96822833340582,629.9124755859375
N/A,N/A,483.39617318776305,631.25
N/A,N/A,483.82410961048748,629.3125
N/A,N/A,484.25203759581041,630.2874755859375
N/A,N/A,484.67995713796529,629.7874755859375
N/A,N/A,485.10786823118491,630.4124755859375
N/A,N/A,485.53577086970205,628.8125
N/A,N/A,485.9636650477517,629.3499755859375
N/A,N/A,486.39155075956694,630.25
N/A,N/A,486.81942799938207,629.7750244140625
N/A,N/A,487.24729676143204,629.4124755859375
N/A,N/A,487.67515703995178,630.0374755859375
N/A,N/A,488.1030088291775,628.70001220703125
N/A,N/A,488.53085212334372,629.9625244140625
N/A,N/A,488.95868691668659,628.7874755859375
N/A,N/A,489.386513203444,629.7750244140625
N/A,N/A,489.814330977851,628.9375
N/A,N/A,490.24214023414544,628.6624755859375
N/A,N/A,490.66994096656458,628.63751220703125
N/A,N/A,491.09773316934633,629.0625
N/A,N/A,491.52551683672868,629.61248779296875
N/A,N/A,491.95329196295029,628.6500244140625
N/A,N/A,492.38105854224949,628.5875244140625
N/A,N/A,492.8088165688664,628.6875
N/A,N/A,493.23656603703932,628.54998779296875
N/A,N/A,493.66430694100887,629.17498779296875
N/A,N/A,494.09203927501477,629
N/A,N/A,494.519763033298,629.32501220703125
N/A,N/A,494.94747821009895,628.88751220703125
N/A,N/A,495.37518479965945,628.8375244140625
N/A,N/A,495.80288279622022,629.25
N/A,N/A,496.23057219402375,629.70001220703125
N/A,N/A,496.65825298731244,628.17498779296875
N/A,N/A,497.08592517032821,629.32501220703125
N/A,N/A,497.513588737315,629.48748779296875
N/A,N/A,497.94124368251522,629.17498779296875
N/A,N/A,498.368890000173,629.1875
N/A,N/A,498.7965276845315,630.1624755859375
N/A,N/A,499.22415672983652,628.67498779296875
N/A,N/A,499.65177713033142,628.3125
N/A,N/A,500.0793888802624,627.6500244140625
N/A,N/A,500.50699197387365,626.73748779296875
N/A,N/A,500.93458640541155,628.0374755859375
N/A,N/A,501.36217216912235,628.875
N/A,N/A,501.78974925925235,629.5250244140625
N/A,N/A,502.21731767004803,628.51251220703125
N/A,N/A,502.64487739575668,628.01251220703125
N/A,N/A,503.07242843062653,629.11248779296875
N/A,N/A,503.4999707689044,627.61248779296875
N/A,N/A,503.927504404839,629.07501220703125
N/A,N/A,504.35502933267895,628.4000244140625
N/A,N/A,504.78254554667296,628.67498779296875
N/A,N/A,505.21005304107047,628.9124755859375
N/A,N/A,505.63755181012124,628.5999755859375
N/A,N/A,506.06504184807426,629.3375244140625
N/A,N/A,506.4925231491813,628.5250244140625
N/A,N/A,506.91999570769235,629.32501220703125
N/A,N/A,507.34745951785845,628.38751220703125
N/A,N/A,507.77491457393114,628.4124755859375
N/A,N/A,508.20236087016173,629.2750244140625
N/A,N/A,508.62979840080334,629.4124755859375
N/A,N/A,509.05722716010757,628.9124755859375
N/A,N/A,509.48464714232756,628.26251220703125
N/A,N/A,509.91205834171643,628.6624755859375
N/A,N/A,510.3394607525284,628.45001220703125
N/A,N/A,510.76685436901619,629.86248779296875
N/A,N/A,511.19423918543447,628.375
N/A,N/A,511.62161519603848,628.8125
N/A,N/A,512.04898239508327,628.2874755859375
N/A,N/A,512.47634077682289,629.0374755859375
N/A,N/A,512.90369033551485,628.0625
N/A,N/A,513.33103106541341,629.0250244140625
N/A,N/A,513.75836296077671,630.1624755859375
N/A,N/A,514.18568601586037,628.9000244140625
N/A,N/A,514.61300022492242,628.4124755859375
N/A,N/A,515.0403055822195,628.11248779296875
N/A,N/A,515.46760208201,629.5250244140625
N/A,N/A,515.89488971855224,628.7249755859375
N/A,N/A,516.32216848610528,628.63751220703125
N/A,N/A,516.74943837892692,629.48748779296875
N/A,N/A,517.17669939127779,630.17498779296875
N/A,N/A,517.60395151741659,629.29998779296875
N/A,N/A,518.03119475160406,628.8499755859375
N/A,N/A,518.45842908810039,627.67498779296875
N/A,N/A,518.88565452116654,628.92498779296875
N/A,N/A,519.31287104506339,629.2874755859375
N/A,N/A,519.74007865405292,628.6624755859375
N/A,N/A,520.16727734239748,629.38751220703125
N/A,N/A,520.59446710435793,628.5999755859375
N/A,N/A,521.02164793419854,628.01251220703125
N/A,N/A,521.448819826181,629.0875244140625
N/A,N/A,521.87598277456971,629.51251220703125
N/A,N/A,522.3031367736279,628.7750244140625
N/A,N/A,522.73028181762015,628.8375244140625
N/A,N/A,523.15741790081029,630.2750244140625
N/A,N/A,523.58454501746371,628.86248779296875
N/A,N/A,524.0116631618456,628.6624755859375
N/A,N/A,524.43877232822183,627.17498779296875
N/A,N/A,524.86587251085791,629.88751220703125
N/A,N/A,525.29296370402085,628.95001220703125
N/A,N/A,525.72004590197662,629.2249755859375
N/A,N/A,526.147119098993,629.6875
N/A,N/A,526.574183289337,628.2874755859375
N/A,N/A,527.001238467277,629.20001220703125
N/A,N/A,527.42828462708064,627.42498779296875
N/A,N/A,527.85532176301706,628.51251220703125
N/A,N/A,528.2823498693549,627.45001220703125
N/A,N/A,528.709368940364,627.8375244140625
N/A,N/A,529.13637897031367,628.88751220703125
N/A,N/A,529.56337995347451,629.32501220703125
N/A,N/A,529.99037188411626,628.38751220703125
N/A,N/A,530.41735475651058,629.29998779296875
N/A,N/A,530.84432856492856,628.23748779296875
N/A,N/A,531.27129330364164,628.07501220703125
N/A,N/A,531.69824896692126,629
N/A,N/A,532.125195549041,628.7249755859375
N/A,N/A,532.55213304427286,629.48748779296875
N/A,N/A,532.97906144689023,629.76251220703125
N/A,N/A,533.40598075116668,629.4625244140625
N/A,N/A,533.832890951376,629.4375
N/A,N/A,534.25979204179282,628.8499755859375
N/A,N/A,534.68668401669129,628.9000244140625
N/A,N/A,535.113566870347,629.7249755859375
N/A,N/A,535.54044059703506,629.0625
N/A,N/A,535.96730519103119,628.32501220703125
N/A,N/A,536.394160646612,627.9749755859375
N/A,N/A,536.82100695805366,629
N/A,N/A,537.24784411963344,629.17498779296875
N/A,N/A,537.67467212562838,629.29998779296875
N/A,N/A,538.10149097031638,629.38751220703125
N/A,N/A,538.52830064797615,630.875
N/A,N/A,538.95510115288516,629.4000244140625
N/A,N/A,539.38189247932337,628.0625
N/A,N/A,539.80867462156914,629.13751220703125
N/A,N/A,540.23544757390243,629.8125
N/A,N/A,540.66221133060333,630
N/A,N/A,541.08896588595269,629.1624755859375
N/A,N/A,541.51571123423093,629.76251220703125
N/A,N/A,541.94244736971882,628.17498779296875
N/A,N/A,542.36917428669915,629.3125
N/A,N/A,542.7958919794529,629.3499755859375
N/A,N/A,543.22260044226289,628.95001220703125
N/A,N/A,543.64929966941168,629.51251220703125
N/A,N/A,544.07598965518241,630.13751220703125
N/A,N/A,544.502670393859,628.9375
N/A,N/A,544.92934187972526,630.6624755859375
N/A,N/A,545.35600410706525,628.7249755859375
N/A,N/A,545.78265707016408,630.4625244140625
N/A,N/A,546.20930076330626,630.23748779296875
N/A,N/A,546.63593518077778,628.8375244140625
N/A,N/A,547.06256031686485,629.1500244140625
N/A,N/A,547.48917616585288,630.07501220703125
N/A,N/A,547.91578272202935,629.4000244140625
N/A,N/A,548.34237997968091,630.9749755859375
N/A,N/A,548.76896793309538,629.42498779296875
N/A,N/A,549.1955465765601,630.82501220703125
N/A,N/A,549.62211590436391,629.9625244140625
N/A,N/A,550.04867591079517,630.23748779296875
N/A,N/A,550.47522659014282,629.1875
N/A,N/A,550.90176793669684,630.5625
N/A,N/A,551.32829994474628,629.7750244140625
N/A,N/A,551.75482260858189,630.32501220703125
N/A,N/A,552.18133592249444,629.57501220703125
N/A,N/A,552.60783988077435,629.8375244140625
N/A,N/A,553.03433447771408,630.11248779296875
N/A,N/A,553.46081970760406,630.75
N/A,N/A,553.88729556473788,630.32501220703125
N/A,N/A,554.31376204340768,630.2750244140625
N/A,N/A,554.74021913790625,629.36248779296875
N/A,N/A,555.16666684252664,630.1875
N/A,N/A,555.59310515156392,629.0625
N/A,N/A,556.019534059311,630.3125
N/A,N/A,556.4459535600638,629.6624755859375
N/A,N/A,556.87236364811622,629.4749755859375
N/A,N/A,557.298764317764,628.4749755859375
N/A,N/A,557.72515556330336,630.5999755859375
N/A,N/A,558.15153737903063,629.32501220703125
N/A,N/A,558.57790975924172,630.125
N/A,N/A,559.004272698234,629.9000244140625
N/A,N/A,559.43062619030525,631.125
N/A,N/A,559.856970229753,630.0999755859375
N/A,N/A,560.28330481087539,631.73748779296875
N/A,N/A,560.70962992797126,630.29998779296875
N/A,N/A,561.13594557534,630.92498779296875
N/A,N/A,561.56225174728036,630.1624755859375
N/A,N/A,561.98854843809272,630.2874755859375
N/A,N/A,562.41483564207738,630.0875244140625
N/A,N/A,562.841113353535,630.7249755859375
N/A,N/A,563.26738156676629,628.9000244140625
N/A,N/A,563.69364027607287,630.01251220703125
N/A,N/A,564.11988947575708,629.2874755859375
N/A,N/A,564.546129160121,629.86248779296875
N/A,N/A,564.97235932346723,629.7750244140625
N/A,N/A,565.39857996009914,631.6624755859375
N/A,N/A,565.82479106431992,631.0374755859375
N/A,N/A,566.25099263043421,629.2125244140625
N/A,N/A,566.67718465274561,630.2750244140625
N/A,N/A,567.1033671255592,630.2249755859375
N/A,N/A,567.52954004317974,629.01251220703125
N/A,N/A,567.95570339991355,629.36248779296875
N/A,N/A,568.3818571900664,630.75
N/A,N/A,568.80800140794486,629.57501220703125
N/A,N/A,569.23413604785515,629.0374755859375
N/A,N/A,569.660261104105,630.36248779296875
N/A,N/A,570.08637657100178,629.42498779296875
N/A,N/A,570.51248244285387,630.11248779296875
N/A,N/A,570.93857871396983,630.25
N/A,N/A,571.36466537865829,629.9625244140625
N/A,N/A,571.79074243122852,629.88751220703125
N/A,N/A,572.21680986599085,630.0250244140625
N/A,N/A,572.64286767725434,630.0999755859375
N/A,N/A,573.06891585933022,631.2125244140625
N/A,N/A,573.49495440652936,629.8125
N/A,N/A,573.92098331316345,630.4124755859375
N/A,N/A,574.34700257354382,630.4375
N/A,N/A,574.77301218198272,629.98748779296875
N/A,N/A,575.19901213279365,629.25
N/A,N/A,575.62500242028841,630.20001220703125
N/A,N/A,576.05098303878094,629.2125244140625
N/A,N/A,576.47695398258543,630.11248779296875
N/A,N/A,576.90291524601628,630.4749755859375
N/A,N/A,577.32886682338744,631.04998779296875
N/A,N/A,577.75480870901526,630.3375244140625
N/A,N/A,578.18074089721392,630.375
N/A,N/A,578.60666338230067,628.70001220703125
N/A,N/A,579.03257615859127,630.4000244140625
N/A,N/A,579.45847922040275,630.2125244140625
N/A,N/A,579.88437256205248,629.9625244140625
N/A,N/A,580.3102561778577,630.20001220703125
N/A,N/A,580.73613006213645,631.07501220703125
N/A,N/A,581.16199420920793,631.01251220703125
N/A,N/A,581.58784861339109,631.2125244140625
N/A,N/A,582.01369326900453,630.875
N/A,N/A,582.43952817036836,632.20001220703125
N/A,N/A,582.86535331180335,630.57501220703125
N/A,N/A,583.29116868762969,630.5875244140625
N/A,N/A,583.71697429216817,630.5625
N/A,N/A,584.142770119741,631.4625244140625
N/A,N/A,584.5685561646693,631.4375
N/A,N/A,584.99433242127589,630.625
N/A,N/A,585.420098883884,629.0250244140625
N/A,N/A,585.84585554681564,631.1624755859375
N/A,N/A,586.27160240439571,631.4000244140625
N/A,N/A,586.69733945094742,632.36248779296875
N/A,N/A,587.12306668079509,630.42498779296875
N/A,N/A,587.54878408826471,631.0374755859375
N/A,N/A,587.9744916676807,632.0374755859375
N/A,N/A,588.40018941336871,630.4375
N/A,N/A,588.82587731965612,632.11248779296875
N/A,N/A,589.25155538086824,632.2874755859375
N/A,N/A,589.67722359133313,633.61248779296875
N/A,N/A,590.10288194537725,633.54998779296875
N/A,N/A,590.52853043732944,634.6875
N/A,N/A,590.954169061518,634.88751220703125
N/A,N/A,591.37979781227114,637.3125
N/A,N/A,591.80541668391822,636.95001220703125
N/A,N/A,592.231025670789,637.0999755859375
N/A,N/A,592.65662476721388,638.0374755859375
N/A,N/A,593.082213967523,638.38751220703125
N/A,N/A,593.50779326604788,640.76251220703125
N/A,N/A,593.933362657119,640.9124755859375
N/A,N/A,594.35892213506838,641.1875
N/A,N/A,594.784471694229,644.29998779296875
N/A,N/A,595.21001132893309,644.1500244140625
N/A,N/A,595.63554103351385,645.2874755859375
N/A,N/A,596.06106080230427,646.29998779296875
N/A,N/A,596.48657062963923,646.9000244140625
N/A,N/A,596.912070509853,648.0250244140625
N/A,N/A,597.33756043728033,650
N/A,N/A,597.76304040625621,650.8375244140625
N/A,N/A,598.18851041111623,653.4749755859375
N/A,N/A,598.61397044619753,652.9124755859375
N/A,N/A,599.03942050583623,655.61248779296875
N/A,N/A,599.46486058436892,656.26251220703125
N/A,N/A,599.89029067613387,659.875
N/A,N/A,600.315710775469,660.5250244140625
N/A,N/A,600.74112087671142,660.6624755859375
N/A,N/A,601.1665209742016,662.5875244140625
N/A,N/A,601.59191106227843,665.98748779296875
N/A,N/A,602.01729113528131,668.8375244140625
N/A,N/A,602.44266118755,668.79998779296875
N/A,N/A,602.86802121342555,672.26251220703125
N/A,N/A,603.29337120724892,674.5625
N/A,N/A,603.71871116336206,677.2874755859375
N/A,N/A,604.14404107610562,678.5
N/A,N/A,604.56936093982358,680.8499755859375
N/A,N/A,604.99467074885774,682.4749755859375
N/A,N/A,605.41997049755128,688.0875244140625
N/A,N/A,605.84526018024894,687.92498779296875
N/A,N/A,606.27053979129346,688.5374755859375
N/A,N/A,606.69580932503,692.625
N/A,N/A,607.12106877580447,694.29998779296875
N/A,N/A,607.54631813796072,695.17498779296875
N/A,N/A,607.971557405846,699.23748779296875
N/A,N/A,608.396786573806,701.23748779296875
N/A,N/A,608.82200563618778,703.45001220703125
N/A,N/A,609.24721458733882,705.54998779296875
N/A,N/A,609.67241342160628,708.79998779296875
N/A,N/A,610.09760213333857,713.0625
N/A,N/A,610.52278071688454,713.20001220703125
N/A,N/A,610.94794916659293,718.17498779296875
N/A,N/A,611.373107476814,720.70001220703125
N/A,N/A,611.79825564189662,726.4625244140625
N/A,N/A,612.22339365619166,726.7249755859375
N/A,N/A,612.64852151405023,733.04998779296875
N/A,N/A,613.07363920982357,735.9124755859375
N/A,N/A,613.4987467378628,740.0625
N/A,N/A,613.923844092521,745.0625
N/A,N/A,614.34893126815052,751
N/A,N/A,614.77400825910433,755.73748779296875
N/A,N/A,615.19907505973617,760.6500244140625
N/A,N/A,615.6241316643999,765.4625244140625
N/A,N/A,616.04917806745038,770.98748779296875
N/A,N/A,616.47421426324252,775.20001220703125
N/A,N/A,616.89924024613151,784.1500244140625
N/A,N/A,617.32425601047271,788.95001220703125
N/A,N/A,617.749261550623,794.375
N/A,N/A,618.17425686093941,802.26251220703125
N/A,N/A,618.59924193577854,808.7249755859375
N/A,N/A,619.02421676949859,816.92498779296875
N/A,N/A,619.449181356457,826.375
N/A,N/A,619.87413569101284,833.5
N/A,N/A,620.29907976752531,841.0250244140625
N/A,N/A,620.72401358035347,851.63751220703125
N/A,N/A,621.14893712385731,860.61248779296875
N/A,N/A,621.57385039239773,871.20001220703125
N/A,N/A,621.99875338033507,882.4625244140625
N/A,N/A,622.42364608203093,896.92498779296875
N/A,N/A,622.84852849184722,907.2125244140625
N/A,N/A,623.27340060414588,920.25
N/A,N/A,623.69826241329,929.7125244140625
N/A,N/A,624.123113913642,944.4000244140625
N/A,N/A,624.54795509956625,958.5875244140625
N/A,N/A,624.97278596542674,971.2874755859375
N/A,N/A,625.39760650558776,987.88751220703125
N/A,N/A,625.82241671441477,1003.6375122070313
N/A,N/A,626.24721658627277,1016.5250244140625
N/A,N/A,626.67200611552846,1035.9375
N/A,N/A,627.09678529654707,1051.9124755859375
N/A,N/A,627.52155412369632,1070.6500244140625
N/A,N/A,627.94631259134314,1089.324951171875
N/A,N/A,628.37106069385607,1109.425048828125
N/A,N/A,628.79579842560247,1129
N/A,N/A,629.22052578095133,1152.449951171875
N/A,N/A,629.64524275427209,1173.324951171875
N/A,N/A,630.06994933993462,1196.4375
N/A,N/A,630.49464553230871,1218.762451171875
N/A,N/A,630.91933132576446,1245.25
N/A,N/A,631.3440067146737,1266.800048828125
N/A,N/A,631.7686716934079,1291.699951171875
N/A,N/A,632.19332625633876,1320.5999755859375
N/A,N/A,632.61797039783892,1347.3125
N/A,N/A,633.04260411228131,1374.3125
N/A,N/A,633.46722739403936,1407.4375
N/A,N/A,633.89184023748646,1434.7249755859375
N/A,N/A,634.31644263699741,1469.7249755859375
N/A,N/A,634.74103458694753,1508.0250244140625
N/A,N/A,635.16561608171094,1534.3375244140625
N/A,N/A,635.59018711566478,1573.1500244140625
N/A,N/A,636.01474768318383,1605.824951171875
N/A,N/A,636.43929777864594,1644.1624755859375
N/A,N/A,636.86383739642793,1677.9124755859375
N/A,N/A,637.28836653090707,1715.199951171875
N/A,N/A,637.71288517646133,1749.3499755859375
N/A,N/A,638.13739332747036,1792.237548828125
N/A,N/A,638.56189097831236,1833.125
N/A,N/A,638.98637812336733,1868.487548828125
N/A,N/A,639.4108547570147,1911.199951171875
N/A,N/A,639.83532087363551,1951.362548828125
N/A,N/A,640.25977646761032,1990.0625
N/A,N/A,640.68422153332119,2031.612548828125
N/A,N/A,641.10865606514949,2074.6875
N/A,N/A,641.53308005747738,2115.175048828125
N/A,N/A,641.95749350468827,2151.699951171875
N/A,N/A,642.38189640116525,2192.262451171875
N/A,N/A,642.80628874129218,2230.262451171875
N/A,N/A,643.2306705194535,2274.47509765625
N/A,N/A,643.65504173003387,2313.83740234375
N/A,N/A,644.07940236741865,2348.425048828125
N/A,N/A,644.50375242599341,2393.66259765625
N/A,N/A,644.928091900144,2425.28759765625
N/A,N/A,645.352420784258,2470.6875
N/A,N/A,645.77673907272208,2501.28759765625
N/A,N/A,646.20104675992366,2535.97509765625
N/A,N/A,646.625343840251,2572
N/A,N/A,647.049630308093,2605.875
N/A,N/A,647.47390615783866,2635.78759765625
N/A,N/A,647.89817138387752,2674.175048828125
N/A,N/A,648.32242598059941,2705.14990234375
N/A,N/A,648.74666994239533,2730.60009765625
N/A,N/A,649.17090326365542,2754.5
N/A,N/A,649.59512593877264,2792.53759765625
N/A,N/A,650.0193379621378,2811.0625
N/A,N/A,650.44353932814352,2831.5
N/A,N/A,650.86773003118276,2857.02490234375
N/A,N/A,651.29191006564929,2881.9375
N/A,N/A,651.71607942593732,2902.987548828125
N/A,N/A,652.14023810644051,2930.512451171875
N/A,N/A,652.564386101554,2941.60009765625
N/A,N/A,652.98852340567316,2961.78759765625
N/A,N/A,653.41265001319391,2975.012451171875
N/A,N/A,653.83676591851292,2991.262451171875
N/A,N/A,654.26087111602658,3007.58740234375
N/A,N/A,654.68496560013261,3029.1875
N/A,N/A,655.1090493652282,3036.125
N/A,N/A,655.53312240571267,3042.387451171875
N/A,N/A,655.957184715984,3048.39990234375
N/A,N/A,656.38123629044128,3061.41259765625
N/A,N/A,656.80527712348521,3067.887451171875
N/A,N/A,657.22930720951513,3075.487548828125
N/A,N/A,657.65332654293229,3077.03759765625
N/A,N/A,658.07733511813831,3089.22509765625
N/A,N/A,658.50133292953387,3087.300048828125
N/A,N/A,658.92531997152207,3094.35009765625
N/A,N/A,659.34929623850508,3092.949951171875
N/A,N/A,659.77326172488677,3095.237548828125
N/A,N/A,660.19721642507022,3087.91259765625
N/A,N/A,660.62116033346,3092.949951171875
N/A,N/A,661.04509344446046,3092.66259765625
N/A,N/A,661.46901575247716,3091.875
N/A,N/A,661.89292725191547,3076.237548828125
N/A,N/A,662.31682793718164,3077.58740234375
N/A,N/A,662.7407178026823,3072.574951171875
N/A,N/A,663.164596842825,3065.237548828125
N/A,N/A,663.58846505201666,3057.112548828125
N/A,N/A,664.012322424666,3052.625
N/A,N/A,664.43616895518187,3038.46240234375
N/A,N/A,664.86000463797268,3031.14990234375
N/A,N/A,665.28382946744864,3016.300048828125
N/A,N/A,665.70764343801943,3006.887451171875
N/A,N/A,666.13144654409632,2994.612548828125
N/A,N/A,666.55523878009,2984.699951171875
N/A,N/A,666.97902014041176,2961.362548828125
N/A,N/A,667.40279061947467,2950.699951171875
N/A,N/A,667.82655021169023,2926.75
N/A,N/A,668.25029891147256,2915.39990234375
N/A,N/A,668.6740367132345,2891.60009765625
N/A,N/A,669.0977636113912,2873.60009765625
N/A,N/A,669.52147960035609,2855.58740234375
N/A,N/A,669.9451846745452,2833.1875
N/A,N/A,670.36887882837391,2814.512451171875
N/A,N/A,670.79256205625791,2787.6875
N/A,N/A,671.21623435261438,2765.52490234375
N/A,N/A,671.63989571186,2741.77490234375
N/A,N/A,672.06354612841267,2713.449951171875
N/A,N/A,672.48718559669112,2695.5625
N/A,N/A,672.91081411111293,2669.22509765625
N/A,N/A,673.33443166609754,2641.112548828125
N/A,N/A,673.75803825606488,2618.199951171875
N/A,N/A,674.18163387543518,2588.675048828125
N/A,N/A,674.6052185186287,2561.25
N/A,N/A,675.02879218006683,2536.22509765625
N/A,N/A,675.4523548541714,2510.137451171875
N/A,N/A,675.87590653536449,2478.16259765625
N/A,N/A,676.29944721806874,2450.362548828125
N/A,N/A,676.72297689670688,2422.125
N/A,N/A,677.14649556570328,2396.699951171875
N/A,N/A,677.570003219482,2360.64990234375
N/A,N/A,677.99349985246761,2342.3125
N/A,N/A,678.41698545908525,2307
N/A,N/A,678.84046003376125,2279.050048828125
N/A,N/A,679.26392357092084,2250.137451171875
N/A,N/A,679.68737606499133,2235.637451171875
N/A,N/A,680.11081751040024,2196.53759765625
N/A,N/A,680.53424790157487,2176.800048828125
N/A,N/A,680.95766723294355,2150.324951171875
N/A,N/A,681.3810754989355,2122.612548828125
N/A,N/A,681.80447269397951,2098.77490234375
N/A,N/A,682.2278588125057,2078.27490234375
N/A,N/A,682.651233848944,2050.387451171875
N/A,N/A,683.07459779772557,2019.675048828125
N/A,N/A,683.497950653282,1995.4749755859375
N/A,N/A,683.92129241004466,1973.4124755859375
N/A,N/A,684.3446230624462,1955.362548828125
N/A,N/A,684.76794260491954,1925.8375244140625
N/A,N/A,685.19125103189765,1908.2750244140625
N/A,N/A,685.61454833781511,1880.762451171875
N/A,N/A,686.03783451710558,1861
N/A,N/A,686.46110956420443,1842.2125244140625
N/A,N/A,686.8843734735475,1823.9749755859375
N/A,N/A,687.30762623957014,1803.5250244140625
N/A,N/A,687.73086785670921,1783.2750244140625
N/A,N/A,688.15409831940167,1767.7750244140625
N/A,N/A,688.57731762208448,1753.487548828125
N/A,N/A,689.00052575919653,1730.3375244140625
N/A,N/A,689.42372272517537,1717.987548828125
N/A,N/A,689.84690851446169,1701.0250244140625
N/A,N/A,690.27008312149371,1686.0625
N/A,N/A,690.69324654071158,1671.7249755859375
N/A,N/A,691.11639876655693,1655.7249755859375
N/A,N/A,691.53953979346988,1640.9625244140625
N/A,N/A,691.96266961589242,1627.074951171875
N/A,N/A,692.385788228267,1618.324951171875
N/A,N/A,692.80889562503637,1603.987548828125
N/A,N/A,693.23199180064319,1587.8375244140625
N/A,N/A,693.65507674953164,1577.5875244140625
N/A,N/A,694.0781504661461,1569.7249755859375
N/A,N/A,694.5012129449309,1559.7249755859375
N/A,N/A,694.92426418033176,1546.25
N/A,N/A,695.347304166795,1542.449951171875
N/A,N/A,695.770332898766,1533.3375244140625
N/A,N/A,696.19335037069186,1531.199951171875
N/A,N/A,696.61635657702038,1517.0374755859375
N/A,N/A,697.03935151219946,1513.4749755859375
N/A,N/A,697.462335170677,1510.0999755859375
N/A,N/A,697.88530754690271,1500.3125
N/A,N/A,698.30826863532559,1498.800048828125
N/A,N/A,698.73121843039621,1500.0374755859375
N/A,N/A,699.15415692656438,1497.5374755859375
N/A,N/A,699.57708411828207,1498.7750244140625
N/A,N/A,700.00000000000023,1493.7750244140625
N/A,N/A,700.422904566171,1490.0374755859375
N/A,N/A,700.84579781124773,1491.0625
N/A,N/A,701.26867972968307,1493.550048828125
N/A,N/A,701.6915503159305,1488.762451171875
N/A,N/A,702.11440956444494,1490.612548828125
N/A,N/A,702.53725746968053,1496.324951171875
N/A,N/A,702.96009402609309,1493.5999755859375
N/A,N/A,703.38291922813823,1494.3375244140625
N/A,N/A,703.80573307027259,1505.6875
N/A,N/A,704.2285355469528,1508.5
N/A,N/A,704.65132665263627,1511.1500244140625
N/A,N/A,705.07410638178078,1514.0875244140625
N/A,N/A,705.49687472884523,1520.2750244140625
N/A,N/A,705.91963168828875,1527.762451171875
N/A,N/A,706.34237725457035,1527.7750244140625
N/A,N/A,706.76511142215077,1537.7750244140625
N/A,N/A,707.18783418548981,1540.7750244140625
N/A,N/A,707.61054553904955,1554.4749755859375
N/A,N/A,708.0332454772913,1560.6875
N/A,N/A,708.45593399467725,1568.050048828125
N/A,N/A,708.87861108566972,1580.9749755859375
N/A,N/A,709.30127674473272,1586.4000244140625
N/A,N/A,709.72393096632948,1588.125
N/A,N/A,710.14657374492538,1602.0875244140625
N/A,N/A,710.56920507498421,1613.25
N/A,N/A,710.9918249509717,1625.112548828125
N/A,N/A,711.41443336735369,1634.6875
N/A,N/A,711.83703031859727,1646
N/A,N/A,712.25961579916941,1653.8499755859375
N/A,N/A,712.68218980353709,1665.425048828125
N/A,N/A,713.10475232616909,1674.9124755859375
N/A,N/A,713.52730336153343,1687.0999755859375
N/A,N/A,713.94984290409991,1691.012451171875
N/A,N/A,714.37237094833779,1714.262451171875
N/A,N/A,714.79488748871779,1720.7125244140625
N/A,N/A,715.2173925197103,1733.9000244140625
N/A,N/A,715.63988603578673,1746.9375
N/A,N/A,716.06236803141974,1758.2874755859375
N/A,N/A,716.48483850108107,1768.949951171875
N/A,N/A,716.90729743924283,1781.887451171875
N/A,N/A,717.32974484038039,1796.125
N/A,N/A,717.75218069896653,1804.387451171875
N/A,N/A,718.17460500947652,1817.737548828125
N/A,N/A,718.59701776638519,1834.199951171875
N/A,N/A,719.01941896416815,1849.6624755859375
N/A,N/A,719.441808597302,1863.112548828125
N/A,N/A,719.86418666026327,1880.3125
N/A,N/A,720.28655314752893,1892.425048828125
N/A,N/A,720.70890805357783,1902.875
N/A,N/A,721.13125137288739,1921.6500244140625
N/A,N/A,721.55358309993687,1935.5
N/A,N/A,721.97590322920576,1954.737548828125
N/A,N/A,722.3982117551742,1969.262451171875
N/A,N/A,722.82050867232272,1983.5875244140625
N/A,N/A,723.24279397513294,1993.862548828125
N/A,N/A,723.66506765808583,2017.3499755859375
N/A,N/A,724.08732971566394,2028.237548828125
N/A,N/A,724.50958014234993,2040.3499755859375
N/A,N/A,724.93181893262749,2062.625
N/A,N/A,725.35404608098008,2080.08740234375
N/A,N/A,725.776261581892,2089.512451171875
N/A,N/A,726.19846542984885,2105.625
N/A,N/A,726.6206576193357,2126.824951171875
N/A,N/A,727.0428381448387,2139.675048828125
N/A,N/A,727.46500700084448,2152.324951171875
N/A,N/A,727.88716418184038,2173.512451171875
N/A,N/A,728.30930968231382,2191.5625
N/A,N/A,728.73144349675329,2205.5
N/A,N/A,729.15356561964757,2220.60009765625
N/A,N/A,729.575676045486,2248.199951171875
N/A,N/A,729.9977747687584,2258.8125
N/A,N/A,730.41986178395564,2272.487548828125
N/A,N/A,730.8419370855687,2294.574951171875
N/A,N/A,731.26400066808856,2311.0625
N/A,N/A,731.68605252600833,2326.85009765625
N/A,N/A,732.10809265381965,2347.41259765625
N/A,N/A,732.53012104601669,2364.449951171875
N/A,N/A,732.95213769709233,2374.22509765625
N/A,N/A,733.37414260154208,2395.387451171875
N/A,N/A,733.79613575385952,2410.60009765625
N/A,N/A,734.21811714854141,2422.824951171875
N/A,N/A,734.64008678008327,2437.550048828125
N/A,N/A,735.06204464298162,2460.637451171875
N/A,N/A,735.48399073173346,2463.887451171875
N/A,N/A,735.90592504083656,2485.58740234375
N/A,N/A,736.32784756478986,2499.39990234375
N/A,N/A,736.74975829809091,2517.21240234375
N/A,N/A,737.1716572352401,2531.16259765625
N/A,N/A,737.59354437073671,2540.52490234375
N/A,N/A,738.0154196990818,2560.925048828125
N/A,N/A,738.437283214776,2566.925048828125
N/A,N/A,738.85913491232157,2587.074951171875
N/A,N/A,739.28097478621987,2586.824951171875
N/A,N/A,739.70280283097418,2608
N/A,N/A,740.1246190410875,2617.85009765625
N/A,N/A,740.5464234110633,2626.02490234375
N/A,N/A,740.968215935407,2635.512451171875
N/A,N/A,741.38999660862282,2649.16259765625
N/A,N/A,741.81176542521655,2658.4375
N/A,N/A,742.23352237969425,2670.41259765625
N/A,N/A,742.65526746656212,2673.699951171875
N/A,N/A,743.07700068032852,2677.887451171875
N/A,N/A,743.49872201550056,2688.58740234375
N/A,N/A,743.92043146658636,2689.300048828125
N/A,N/A,744.342129028095,2703.66259765625
N/A,N/A,744.76381469453645,2708.14990234375
N/A,N/A,745.18548846042,2705.46240234375
N/A,N/A,745.60715032025666,2709.137451171875
N/A,N/A,746.02880026855814,2721.16259765625
N/A,N/A,746.450438299835,2712.53759765625
N/A,N/A,746.87206440860064,2719.762451171875
N/A,N/A,747.29367858936735,2713.72509765625
N/A,N/A,747.71528083664828,2714.800048828125
N/A,N/A,748.13687114495838,2712.425048828125
N/A,N/A,748.55844950881158,2711.762451171875
N/A,N/A,748.980015922723,2713.125
N/A,N/A,749.40157038120856,2708.550048828125
N/A,N/A,749.82311287878508,2708.012451171875
N/A,N/A,750.24464340996826,2706.3125
N/A,N/A,750.66616196927635,2693.925048828125
N/A,N/A,751.0876685512269,2687.375
N/A,N/A,751.50916315033908,2681.66259765625
N/A,N/A,751.93064576113159,2674.875
N/A,N/A,752.352116378124,2669.125
N/A,N/A,752.77357499583684,2664
N/A,N/A,753.19502160879131,2651.012451171875
N/A,N/A,753.61645621150774,2642.737548828125
N/A,N/A,754.0378787985095,2623.89990234375
N/A,N/A,754.459289364318,2625.262451171875
N/A,N/A,754.88068790345721,2615.625
N/A,N/A,755.30207441045036,2598.625
N/A,N/A,755.72344887982183,2587.112548828125
N/A,N/A,756.14481130609681,2574.53759765625
N/A,N/A,756.5661616838,2564.08740234375
N/A,N/A,756.98750000745849,2547.21240234375
N/A,N/A,757.408826271598,2523.78759765625
N/A,N/A,757.83014047074585,2515.625
N/A,N/A,758.25144259942988,2504.1875
N/A,N/A,758.67273265217887,2480.5625
N/A,N/A,759.09401062352083,2460.89990234375
N/A,N/A,759.51527650798562,2443.387451171875
N/A,N/A,759.93653030010341,2425.14990234375
N/A,N/A,760.35777199440474,2407.58740234375
N/A,N/A,760.779001585421,2392.25
N/A,N/A,761.20021906768363,2371.77490234375
N/A,N/A,761.62142443572554,2349.53759765625
N/A,N/A,762.04261768407889,2316.33740234375
N/A,N/A,762.46379880727807,2304.050048828125
N/A,N/A,762.88496779985621,2283.4375
N/A,N/A,763.30612465634852,2264.58740234375
N/A,N/A,763.7272693712905,2242.21240234375
N/A,N/A,764.14840193921759,2217.5
N/A,N/A,764.56952235466633,2201.60009765625
N/A,N/A,764.99063061217385,2173.10009765625
N/A,N/A,765.4117267062777,2150.4375
N/A,N/A,765.832810631516,2128.0625
N/A,N/A,766.25388238242726,2101.074951171875
N/A,N/A,766.6749419535513,2080.237548828125
N/A,N/A,767.09598933942732,2056.47509765625
N/A,N/A,767.51702453459677,2035.7125244140625
N/A,N/A,767.9380475336003,2011.199951171875
N/A,N/A,768.35905833097888,1985.137451171875
N/A,N/A,768.78005692127624,1961.2249755859375
N/A,N/A,769.20104329903415,1941.7874755859375
N/A,N/A,769.62201745879611,1917.824951171875
N/A,N/A,770.04297939510616,1891.137451171875
N/A,N/A,770.4639291025095,1863.199951171875
N/A,N/A,770.8848665755504,1835.8499755859375
N/A,N/A,771.30579180877555,1811.987548828125
N/A,N/A,771.72670479673025,1792.012451171875
N/A,N/A,772.14760553396229,1761.112548828125
N/A,N/A,772.568494015019,1737.6500244140625
N/A,N/A,772.98937023444853,1709.762451171875
N/A,N/A,773.41023418679993,1690.550048828125
N/A,N/A,773.83108586662161,1670.112548828125
N/A,N/A,774.251925268464,1639.862548828125
N/A,N/A,774.67275238687762,1623.3375244140625
N/A,N/A,775.09356721641313,1597.375
N/A,N/A,775.51436975162312,1571.8499755859375
N/A,N/A,775.93515998705868,1556.0374755859375
N/A,N/A,776.3559379172732,1533.2750244140625
N/A,N/A,776.77670353682049,1507.6500244140625
N/A,N/A,777.19745684025406,1484.9749755859375
N/A,N/A,777.61819782212865,1467.762451171875
N/A,N/A,778.03892647699934,1442.987548828125
N/A,N/A,778.45964279942211,1425.7249755859375
N/A,N/A,778.88034678395343,1408.8499755859375
N/A,N/A,779.30103842515018,1385.125
N/A,N/A,779.72171771756973,1364.8499755859375
N/A,N/A,780.14238465577091,1343.6500244140625
N/A,N/A,780.56303923431176,1324.262451171875
N/A,N/A,780.98368144775191,1304.125
N/A,N/A,781.40431129065109,1287
N/A,N/A,781.82492875757077,1265.987548828125
N/A,N/A,782.2455338430708,1251.125
N/A,N/A,782.66612654171377,1233.375
N/A,N/A,783.08670684806225,1217.637451171875
N/A,N/A,783.5072747566785,1200.262451171875
N/A,N/A,783.92783026212635,1183.5374755859375
N/A,N/A,784.34837335897,1170.3125
N/A,N/A,784.76890404177379,1153.4749755859375
N/A,N/A,785.18942230510368,1141.550048828125
N/A,N/A,785.60992814352517,1124.7750244140625
N/A,N/A,786.030421551605,1109.262451171875
N/A,N/A,786.45090252390969,1096.8375244140625
N/A,N/A,786.871371055008,1086.699951171875
N/A,N/A,787.29182713946761,1072.199951171875
N/A,N/A,787.712270771858,1058.699951171875
N/A,N/A,788.132701946748,1047.074951171875
N/A,N/A,788.55312065870783,1035.237548828125
N/A,N/A,788.97352690230912,1024.6875
N/A,N/A,789.393920672122,1009.5750122070313
N/A,N/A,789.81430196271913,1000.2125244140625
N/A,N/A,790.23467076867291,989.75
N/A,N/A,790.6550270845562,977.98748779296875
N/A,N/A,791.075370904943,964.6624755859375
N/A,N/A,791.49570222440809,958.7874755859375
N/A,N/A,791.91602103752575,949.07501220703125
N/A,N/A,792.3363273388718,941.20001220703125
N/A,N/A,792.75662112302234,932.1500244140625
N/A,N/A,793.17690238455441,923.48748779296875
N/A,N/A,793.59717111804491,914.42498779296875
N/A,N/A,794.0174273180719,906.625
N/A,N/A,794.43767097921454,898.8499755859375
N/A,N/A,794.85790209605148,891.75
N/A,N/A,795.27812066316278,886.23748779296875
N/A,N/A,795.69832667512867,876.36248779296875
N/A,N/A,796.11852012653048,870.25
N/A,N/A,796.53870101194923,863.88751220703125
N/A,N/A,796.95886932596773,857.4000244140625
N/A,N/A,797.37902506316857,850.20001220703125
N/A,N/A,797.79916821813515,844.36248779296875
N/A,N/A,798.21929878545166,838.8125
N/A,N/A,798.639416759703,832.45001220703125
N/A,N/A,799.05952213547391,825.3375244140625
N/A,N/A,799.4796149073502,819.38751220703125
N/A,N/A,799.89969506991929,814.5
N/A,N/A,800.31976261776754,808.92498779296875
N/A,N/A,800.73981754548242,804.48748779296875
N/A,N/A,801.15985984765291,798.45001220703125
N/A,N/A,801.57988951886784,792.86248779296875
N/A,N/A,801.99990655371687,787.82501220703125
N/A,N/A,802.41991094678963,784.0875244140625
N/A,N/A,802.8399026926769,781.26251220703125
N/A,N/A,803.25988178597083,780.0999755859375
N/A,N/A,803.679848221263,779.45001220703125
N/A,N/A,804.09980199314566,781.48748779296875
N/A,N/A,804.519743096213,776.04998779296875
N/A,N/A,804.93967152505752,774.4375
N/A,N/A,805.35958727427476,768.38751220703125
N/A,N/A,805.77949033845971,768.3499755859375
N/A,N/A,806.19938071220781,765.23748779296875
N/A,N/A,806.61925839011519,761.7125244140625
N/A,N/A,807.03912336677877,756.48748779296875
N/A,N/A,807.45897563679671,752.7874755859375
N/A,N/A,807.878815194767,750.5875244140625
N/A,N/A,808.29864203528746,747.3375244140625
N/A,N/A,808.71845615295854,744.2249755859375
N/A,N/A,809.13825754238042,739.57501220703125
N/A,N/A,809.55804619815262,736.5999755859375
N/A,N/A,809.9778221148772,732.5875244140625
N/A,N/A,810.397585287156,727.9749755859375
N/A,N/A,810.81733570959125,726.9375
N/A,N/A,811.23707337678638,723.9375
N/A,N/A,811.65679828334487,721.5875244140625
N/A,N/A,812.07651042387067,717.29998779296875
N/A,N/A,812.49620979297,716.0374755859375
N/A,N/A,812.91589638524715,715.5250244140625
N/A,N/A,813.335570195309,713.5999755859375
N/A,N/A,813.75523121776212,709.63751220703125
N/A,N/A,814.17487944721449,708.61248779296875
N/A,N/A,814.59451487827334,705.7125244140625
N/A,N/A,815.01413750554832,702.9000244140625
N/A,N/A,815.43374732364771,701.82501220703125
N/A,N/A,815.85334432718241,700.86248779296875
N/A,N/A,816.27292851076254,698.75
N/A,N/A,816.69249986899922,695.4375
N/A,N/A,817.11205839650449,694.95001220703125
N/A,N/A,817.53160408789074,694.5875244140625
N/A,N/A,817.95113693777091,691.57501220703125
N/A,N/A,818.37065694075932,690.36248779296875
N/A,N/A,818.79016409146971,688.4000244140625
N/A,N/A,819.209658384517,682.2750244140625
N/A,N/A,819.62913981451652,677.04998779296875
N/A,N/A,820.048608376085,672.5999755859375
N/A,N/A,820.46806406383962,670.54998779296875
N/A,N/A,820.88750687239678,667.5999755859375
N/A,N/A,821.30693679637545,665.2874755859375
N/A,N/A,821.72635383039392,663.3125
N/A,N/A,822.14575796907206,664.9375
N/A,N/A,822.56514920702932,661.51251220703125
N/A,N/A,822.98452753888625,660.67498779296875
N/A,N/A,823.40389295926434,660.11248779296875
N/A,N/A,823.82324546278551,657.95001220703125
N/A,N/A,824.24258504407192,658.5875244140625
N/A,N/A,824.66191169774686,657.86248779296875
N/A,N/A,825.08122541843409,655.8375244140625
N/A,N/A,825.50052620075871,654.9000244140625
N/A,N/A,825.91981403934426,653.625
N/A,N/A,826.33908892881766,653.875
N/A,N/A,826.75835086380471,653.45001220703125
N/A,N/A,827.177599838932,652.0250244140625
N/A,N/A,827.59683584882771,650.42498779296875
N/A,N/A,828.01605888811991,651.11248779296875
N/A,N/A,828.43526895143737,650.5875244140625
N/A,N/A,828.85446603340893,648.45001220703125
N/A,N/A,829.27365012866574,648.17498779296875
N/A,N/A,829.6928212318378,649.375
N/A,N/A,830.11197933755636,647.79998779296875
N/A,N/A,830.53112444045382,646.4625244140625
N/A,N/A,830.95025653516268,647.625
N/A,N/A,831.36937561631657,646.11248779296875
N/A,N/A,831.78848167854858,646.125
N/A,N/A,832.207574716494,645.0625
N/A,N/A,832.62665472478739,645.0374755859375
N/A,N/A,833.04572169806511,645.75
N/A,N/A,833.46477563096323,646.2125244140625
N/A,N/A,833.88381651811915,645.38751220703125
N/A,N/A,834.30284435417,647.20001220703125
N/A,N/A,834.7218591337554,646.95001220703125
N/A,N/A,835.1408608515128,647.9375
N/A,N/A,835.55984950208256,647.70001220703125
N/A,N/A,835.97882508010559,647.82501220703125
N/A,N/A,836.39778758022169,647.125
N/A,N/A,836.81673699707289,647.01251220703125
N/A,N/A,837.23567332530172,647.3375244140625
N/A,N/A,837.65459655955055,647.1500244140625
N/A,N/A,838.073506694463,646.11248779296875
N/A,N/A,838.49240372468364,646.2249755859375
N/A,N/A,838.91128764485677,646.1875
N/A,N/A,839.3301584496279,644.79998779296875
N/A,N/A,839.749016133643,645.42498779296875
N/A,N/A,840.16786069154864,645.4124755859375
N/A,N/A,840.58669211799281,644.5875244140625
N/A,N/A,841.00551040762275,643.32501220703125
N/A,N/A,841.4243155550879,642.61248779296875
N/A,N/A,841.84310755503668,643.8375244140625
N/A,N/A,842.26188640211956,643.3125
N/A,N/A,842.68065209098688,645.125
N/A,N/A,843.09940461628992,644.45001220703125
N/A,N/A,843.5181439726806,642.29998779296875
N/A,N/A,843.93687015481157,642.1624755859375
N/A,N/A,844.35558315733545,642.875
N/A,N/A,844.77428297490644,641.8125
N/A,N/A,845.19296960217912,642.2249755859375
N/A,N/A,845.61164303380826,642.75
N/A,N/A,846.03030326445014,642.13751220703125
N/A,N/A,846.44895028876033,642.0875244140625
N/A,N/A,846.86758410139623,641.11248779296875
N/A,N/A,847.28620469701571,642.13751220703125
N/A,N/A,847.70481207027683,643.75
N/A,N/A,848.123406215839,640.8375244140625
N/A,N/A,848.54198712836137,640.79998779296875
N/A,N/A,848.96055480250448,638.9124755859375
N/A,N/A,849.37910923292952,639.29998779296875
N/A,N/A,849.79765041429755,637.95001220703125
N/A,N/A,850.216178341271,635.4625244140625
N/A,N/A,850.634693008513,635.95001220703125
N/A,N/A,851.053194410687,633.9000244140625
N/A,N/A,851.47168254245662,632.9749755859375
N/A,N/A,851.89015739848753,633.1875
N/A,N/A,852.30861897344528,632.29998779296875
N/A,N/A,852.7270672619951,632.6624755859375
N/A,N/A,853.14550225880487,630.9749755859375
N/A,N/A,853.563923958541,630.51251220703125
N/A,N/A,853.9823323558727,631.4375
N/A,N/A,854.40072744546762,631.8125
N/A,N/A,854.819109221996,631.0625
N/A,N/A,855.23747768012788,630
N/A,N/A,855.65583281453326,630.7249755859375
N/A,N/A,856.07417461988484,630.67498779296875
N/A,N/A,856.49250309085369,630.2125244140625
N/A,N/A,856.91081822211265,631.51251220703125
N/A,N/A,857.32912000833483,630.57501220703125
N/A,N/A,857.747408444195,630.11248779296875
N/A,N/A,858.16568352436752,632.4375
N/A,N/A,858.58394524352741,629.51251220703125
N/A,N/A,859.002193596351,630.32501220703125
N/A,N/A,859.4204285775146,631.2874755859375
N/A,N/A,859.83865018169615,629.625
N/A,N/A,860.256858403573,628.92498779296875
N/A,N/A,860.67505323782416,629.3375244140625
N/A,N/A,861.093234679129,628.04998779296875
N/A,N/A,861.51140272216674,627.4749755859375
N/A,N/A,861.92955736161889,628.63751220703125
N/A,N/A,862.34769859216635,628.48748779296875
N/A,N/A,862.76582640849108,627.9124755859375
N/A,N/A,863.18394080527548,628.82501220703125
N/A,N/A,863.60204177720323,628.92498779296875
N/A,N/A,864.020129318958,627.54998779296875
N/A,N/A,864.43820342522406,628.2125244140625
N/A,N/A,864.85626409068732,627.25
N/A,N/A,865.27431131003334,628.875
N/A,N/A,865.692345077949,627.61248779296875
N/A,N/A,866.11036538912037,628.54998779296875
N/A,N/A,866.528372238237,627.76251220703125
N/A,N/A,866.94636561998652,628.5625
N/A,N/A,867.36434552905848,626.86248779296875
N/A,N/A,867.78231196014247,627.5
N/A,N/A,868.20026490792907,627.5374755859375
N/A,N/A,868.61820436711025,628.11248779296875
N/A,N/A,869.03613033237684,627.61248779296875
N/A,N/A,869.45404279842217,628.8375244140625
N/A,N/A,869.87194175993875,628.42498779296875
N/A,N/A,870.28982721162151,627.92498779296875
N/A,N/A,870.707699148164,627.48748779296875
N/A,N/A,871.12555756426218,626.8125
N/A,N/A,871.54340245461128,627.9124755859375
N/A,N/A,871.96123381390862,628.4749755859375
N/A,N/A,872.37905163685093,627.32501220703125
N/A,N/A,872.7968559181362,628.04998779296875
N/A,N/A,873.214646652463,627.0625
N/A,N/A,873.63242383453064,627.9625244140625
N/A,N/A,874.050187459039,627.5
N/A,N/A,874.46793752068913,627.0875244140625
N/A,N/A,874.88567401418163,627.625
N/A,N/A,875.30339693421831,628.7874755859375
N/A,N/A,875.72110627550251,627.0374755859375
N/A,N/A,876.138802032737,627.42498779296875
N/A,N/A,876.55648420062573,626.5875244140625
N/A,N/A,876.97415277387358,626.26251220703125
N/A,N/A,877.39180774718614,626.42498779296875
N/A,N/A,877.80944911526808,626.7249755859375
N/A,N/A,878.2270768728273,626.375
N/A,N/A,878.64469101457109,626.2125244140625
N/A,N/A,879.0622915352069,626.01251220703125
N/A,N/A,879.47987842944337,626.875
N/A,N/A,879.89745169199,626.13751220703125
N/A,N/A,880.31501131755692,626.13751220703125
N/A,N/A,880.73255730085475,626.36248779296875
N/A,N/A,881.150089636595,626.38751220703125
N/A,N/A,881.56760831948907,626.5250244140625
N/A,N/A,881.98511334425029,625.51251220703125
N/A,N/A,882.4026047055919,626.23748779296875
N/A,N/A,882.82008239822835,626.1500244140625
N/A,N/A,883.23754641687367,625.88751220703125
N/A,N/A,883.65499675624392,625.5374755859375
N/A,N/A,884.0724334110547,625.6875
N/A,N/A,884.48985637602323,627.26251220703125
N/A,N/A,884.907265645866,625.82501220703125
N/A,N/A,885.32466121530285,625.7750244140625
N/A,N/A,885.7420430790512,625.5374755859375
N/A,N/A,886.159411231831,624.86248779296875
N/A,N/A,886.57676566836244,624.8125
N/A,N/A,886.99410638336644,625.6624755859375
N/A,N/A,887.41143337156473,625.5999755859375
N/A,N/A,887.82874662767949,624.79998779296875
N/A,N/A,888.2460461464326,625.9000244140625
N/A,N/A,888.663331922549,625.5374755859375
N/A,N/A,889.08060395075188,625.11248779296875
N/A,N/A,889.49786222576768,626.6875
N/A,N/A,889.91510674232018,625.5875244140625
N/A,N/A,890.332337495137,627.01251220703125
N/A,N/A,890.749554478945,625.61248779296875
N/A,N/A,891.16675768847119,625.04998779296875
N/A,N/A,891.58394711844471,624.25
N/A,N/A,892.0011227635938,625.20001220703125
N/A,N/A,892.41828461864907,625.01251220703125
N/A,N/A,892.83543267834023,624.79998779296875
N/A,N/A,893.25256693739891,625.76251220703125
N/A,N/A,893.66968739055665,625.0374755859375
N/A,N/A,894.08679403254553,624.6875
N/A,N/A,894.5038868580998,626.3499755859375
N/A,N/A,894.92096586195214,626.13751220703125
N/A,N/A,895.33803103883781,625.2750244140625
N/A,N/A,895.75508238349187,625.54998779296875
N/A,N/A,896.17211989064992,626.4625244140625
N/A,N/A,896.58914355504919,627.23748779296875
N/A,N/A,897.00615337142654,626.0625
N/A,N/A,897.42314933452008,625.0999755859375
N/A,N/A,897.84013143906827,625.4375
N/A,N/A,898.25709967981084,625.70001220703125
N/A,N/A,898.67405405148747,625.92498779296875
N/A,N/A,899.090994548839,625.4625244140625
N/A,N/A,899.50792116660682,625.875
N/A,N/A,899.92483389953327,624.5999755859375
N/A,N/A,900.34173274236139,625.2125244140625
N/A,N/A,900.75861768983384,624.4625244140625
N/A,N/A,901.17548873669523,625.54998779296875
N/A,N/A,901.5923458776906,624.32501220703125
N/A,N/A,902.00918910756548,625.0625
N/A,N/A,902.426018421066,625.79998779296875
N/A,N/A,902.84283381293949,624.45001220703125
N/A,N/A,903.25963527793317,623.95001220703125
N/A,N/A,903.6764228107952,625.875
N/A,N/A,904.0931964062753,627.73748779296875
N/A,N/A,904.50995605912271,627.9749755859375
N/A,N/A,904.92670176408831,630.36248779296875
N/A,N/A,905.34343351592281,628.9124755859375
N/A,N/A,905.76015130937753,628.04998779296875
N/A,N/A,906.17685513920617,628.375
N/A,N/A,906.59354500016173,629.48748779296875
N/A,N/A,907.01022088699722,629.3375244140625
N/A,N/A,907.42688279446759,629.9000244140625
N/A,N/A,907.84353071732869,630.1500244140625
N/A,N/A,908.26016465033638,626.5374755859375
N/A,N/A,908.67678458824673,629.5625
N/A,N/A,909.09339052581777,628.0250244140625
N/A,N/A,909.50998245780715,629
N/A,N/A,909.92656037897416,629.25
N/A,N/A,910.343124284078,629.6875
N/A,N/A,910.75967416787853,628.86248779296875
N/A,N/A,911.17621002513715,628.73748779296875
N/A,N/A,911.59273185061488,627.45001220703125
N/A,N/A,912.00923963907519,627.375
N/A,N/A,912.42573338527961,628.375
N/A,N/A,912.84221308399276,628.11248779296875
N/A,N/A,913.25867872997867,628.38751220703125
N/A,N/A,913.6751303180024,628.0875244140625
N/A,N/A,914.09156784283,629.2249755859375
N/A,N/A,914.50799129922791,628.9000244140625
N/A,N/A,914.92440068196311,629.26251220703125
N/A,N/A,915.34079598580365,628.70001220703125
N/A,N/A,915.75717720551768,629.9124755859375
N/A,N/A,916.17354433587548,630.125
N/A,N/A,916.5898973716462,629.26251220703125
N/A,N/A,917.00623630760083,629.7874755859375
N/A,N/A,917.4225611385109,629.5
N/A,N/A,917.8388718591483,629.2125244140625
N/A,N/A,918.25516846428593,629.25
N/A,N/A,918.6714509486975,629.625
N/A,N/A,919.08771930715716,628.7750244140625
N/A,N/A,919.50397353443975,628.6624755859375
N/A,N/A,919.9202136253208,626.3125
N/A,N/A,920.33643957457684,627.45001220703125
N/A,N/A,920.75265137698523,625.1500244140625
N/A,N/A,921.16884902732329,626.4124755859375
N/A,N/A,921.5850325203694,627.3125
N/A,N/A,922.00120185090316,625.375
N/A,N/A,922.41735701370442,625.29998779296875
N/A,N/A,922.83349800355325,626.125
N/A,N/A,923.24962481523153,625.42498779296875
N/A,N/A,923.66573744352092,624.9375
N/A,N/A,924.0818358832048,624.54998779296875
N/A,N/A,924.49792012906562,624.8375244140625
N/A,N/A,924.91399017588776,625.8375244140625
N/A,N/A,925.330046018457,625.36248779296875
N/A,N/A,925.74608765155813,626.0374755859375
N/A,N/A,926.16211506997729,626.25
N/A,N/A,926.57812826850159,625.61248779296875
N/A,N/A,926.99412724191916,624.5250244140625
N/A,N/A,927.41011198501792,626.1624755859375
N/A,N/A,927.826082492587,625.61248779296875
N/A,N/A,928.24203875941669,625.01251220703125
N/A,N/A,928.65798078029718,626.01251220703125
N/A,N/A,929.07390855001961,625.61248779296875
N/A,N/A,929.48982206337632,625.9375
N/A,N/A,929.90572131515967,625.57501220703125
N/A,N/A,930.32160630016335,624.5999755859375
N/A,N/A,930.73747701318121,623.61248779296875
N/A,N/A,931.15333344900785,623.70001220703125
N/A,N/A,931.56917560243994,623.1500244140625
N/A,N/A,931.98500346827234,624.1500244140625
N/A,N/A,932.40081704130307,624.0999755859375
N/A,N/A,932.81661631632915,624.5875244140625
N/A,N/A,933.23240128814916,624.0625
N/A,N/A,933.64817195156252,623.7125244140625
N/A,N/A,934.063928301369,623.1624755859375
N/A,N/A,934.47967033236887,625.13751220703125
N/A,N/A,934.89539803936339,624.11248779296875
N/A,N/A,935.31111141715462,623.6500244140625
N/A,N/A,935.72681046054583,624.36248779296875
N/A,N/A,936.14249516434018,624.8125
N/A,N/A,936.5581655233409,623.13751220703125
N/A,N/A,936.9738215323539,624.4124755859375
N/A,N/A,937.38946318618457,623.86248779296875
N/A,N/A,937.805090479639,623.20001220703125
N/A,N/A,938.22070340752452,624.3375244140625
N/A,N/A,938.63630196464862,624.7125244140625
N/A,N/A,939.05188614581937,623.98748779296875
N/A,N/A,939.46745594584718,623.8125
N/A,N/A,939.883011359541,623.7874755859375
N/A,N/A,940.29855238171126,624.7125244140625
N/A,N/A,940.71407900717043,624.45001220703125
N/A,N/A,941.12959123072937,624.26251220703125
N/A,N/A,941.54508904720149,623.20001220703125
N/A,N/A,941.96057245140025,624.13751220703125
N/A,N/A,942.37604143813962,624.25
N/A,N/A,942.79149600223548,623.9124755859375
N/A,N/A,943.2069361385021,622.5250244140625
N/A,N/A,943.6223618417572,624.4625244140625
N/A,N/A,944.03777310681733,624.1624755859375
N/A,N/A,944.45316992850007,623.9124755859375
N/A,N/A,944.86855230162462,622.9124755859375
N/A,N/A,945.28392022101025,624.23748779296875
N/A,N/A,945.69927368147626,623.36248779296875
N/A,N/A,946.11461267784455,624.1875
N/A,N/A,946.529937204936,623.2125244140625
N/A,N/A,946.945247257572,624.4000244140625
N/A,N/A,947.36054283057729,624.4000244140625
N/A,N/A,947.77582391877434,624.38751220703125
N/A,N/A,948.1910905169874,623.73748779296875
N/A,N/A,948.60634262004237,622.4124755859375
N/A,N/A,949.02158022276456,622.36248779296875
N/A,N/A,949.4368033199811,624.9749755859375
N/A,N/A,949.85201190651867,623.7249755859375
N/A,N/A,950.26720597720555,623.875
N/A,N/A,950.68238552687092,623.6500244140625
N/A,N/A,951.09755055034384,623.11248779296875
N/A,N/A,951.51270104245441,624.4625244140625
N/A,N/A,951.92783699803408,623.95001220703125
N/A,N/A,952.34295841191442,623.75
N/A,N/A,952.75806527892769,624.4124755859375
N/A,N/A,953.17315759390738,623.5374755859375
N/A,N/A,953.58823535168676,623.5250244140625
N/A,N/A,954.00329854710037,622.9000244140625
N/A,N/A,954.41834717498489,623.125
N/A,N/A,954.833381230175,624.6500244140625
N/A,N/A,955.24840070750838,623.0999755859375
N/A,N/A,955.66340560182175,624.38751220703125
N/A,N/A,956.07839590795413,623.8375244140625
N/A,N/A,956.49337162074437,623
N/A,N/A,956.90833273503176,623.54998779296875
N/A,N/A,957.323279245658,623.6875
N/A,N/A,957.73821114746306,624.75
N/A,N/A,958.15312843528955,624.67498779296875
N/A,N/A,958.56803110397948,624.63751220703125
N/A,N/A,958.9829191483775,622.5999755859375
N/A,N/A,959.39779256332679,624.61248779296875
N/A,N/A,959.81265134367231,624.07501220703125
N/A,N/A,960.22749548426009,623.98748779296875
N/A,N/A,960.64232497993646,624.1875
N/A,N/A,961.05713982554823,624.6500244140625
N/A,N/A,961.47194001594289,625.29998779296875
N/A,N/A,961.88672554597031,624.7125244140625
N/A,N/A,962.30149641047933,624.54998779296875
N/A,N/A,962.7162526043187,625.5374755859375
N/A,N/A,963.13099412234135,624.5374755859375
N/A,N/A,963.5457209593975,624.6624755859375
N/A,N/A,963.96043311033952,626.5250244140625
N/A,N/A,964.37513057002036,625.79998779296875
N/A,N/A,964.78981333329477,624.6500244140625
N/A,N/A,965.204481395016,625.7125244140625
N/A,N/A,965.61913475004019,623.6875
N/A,N/A,966.03377339322265,626.51251220703125
N/A,N/A,966.44839731942045,625.17498779296875
N/A,N/A,966.86300652349109,624.82501220703125
N/A,N/A,967.277601000293,626.0875244140625
N/A,N/A,967.69218074468449,624.8375244140625
N/A,N/A,968.10674575152586,624.8125
N/A,N/A,968.52129601567754,624.9124755859375
N/A,N/A,968.93583153200041,624.7874755859375
N/A,N/A,969.35035229535617,623.36248779296875
N/A,N/A,969.764858300608,626.20001220703125
N/A,N/A,970.17934954261921,624.0875244140625
N/A,N/A,970.5938260162535,624.23748779296875
N/A,N/A,971.00828771637657,626.13751220703125
N/A,N/A,971.42273463785352,625.0875244140625
N/A,N/A,971.837166775551,625.04998779296875
N/A,N/A,972.25158412433552,625.29998779296875
N/A,N/A,972.6659866790759,626.5625
N/A,N/A,973.08037443464025,624.2125244140625
N/A,N/A,973.494747385898,625.0999755859375
N/A,N/A,973.90910552771982,624.04998779296875
N/A,N/A,974.32344885497571,624.57501220703125
N/A,N/A,974.73777736253726,624.79998779296875
N/A,N/A,975.15209104527753,624.29998779296875
N/A,N/A,975.56638989806936,624.88751220703125
N/A,N/A,975.980673915787,623.8125
N/A,N/A,976.39494309330428,624.67498779296875
N/A,N/A,976.809197425497,625.125
N/A,N/A,977.22343690724085,625.13751220703125
N/A,N/A,977.63766153341373,625.5374755859375
N/A,N/A,978.05187129889214,625.6500244140625
N/A,N/A,978.46606619855527,625.8499755859375
N/A,N/A,978.8802462272813,625.11248779296875
N/A,N/A,979.294411379951,624.5374755859375
N/A,N/A,979.70856165144448,625.3125
N/A,N/A,980.12269703664356,625.2750244140625
N/A,N/A,980.53681753042974,623.54998779296875
